Latitude,Longitude,Cluster_ID,Trajet_Index,Vitesse_kmh,Charge_Norm,Description
-20.96073,-68.70917,Cluster 0 (ROUGE),0,32.4,2603.17,Trajet 0 | État: Vide. Identifié par IA.
-20.96917,-68.703118333,Cluster 0 (ROUGE),0,24.1,2602.45,Trajet 0 | État: Vide. Identifié par IA.
-20.969355,-68.704635,Cluster 0 (ROUGE),0,1.9,2628.74,Trajet 0 | État: Vide. Identifié par IA.
-20.969365,-68.704476667,Cluster 2 (VERT),1,10.7,2630.18,Trajet 1 | État: Chargé. Identifié par IA.
-20.972946667,-68.695955,Cluster 2 (VERT),1,12.0,2630.65,Trajet 1 | État: Chargé. Identifié par IA.
-20.959828333,-68.708358333,Cluster 2 (VERT),1,1.1,2608.11,Trajet 1 | État: Chargé. Identifié par IA.
-20.959876667,-68.708373333,Cluster 1 (BLEU),2,7.2,2606.48,Trajet 2 | État: Vide. Identifié par IA.
-20.970685,-68.71319,Cluster 1 (BLEU),2,34.3,2603.38,Trajet 2 | État: Vide. Identifié par IA.
-20.970908333,-68.711921667,Cluster 1 (BLEU),2,5.9,2628.17,Trajet 2 | État: Vide. Identifié par IA.
-20.970878333,-68.711781667,Cluster 2 (VERT),3,14.3,2628.78,Trajet 3 | État: Chargé. Identifié par IA.
-20.969803333,-68.716776667,Cluster 2 (VERT),3,11.5,2631.13,Trajet 3 | État: Chargé. Identifié par IA.
-20.977498333,-68.73546,Cluster 2 (VERT),3,6.3,2607.19,Trajet 3 | État: Chargé. Identifié par IA.
-20.977528333,-68.735578333,Cluster 2 (VERT),4,9.8,2606.05,Trajet 4 | État: Vide. Identifié par IA.
-20.958565,-68.707178333,Cluster 2 (VERT),4,0.0,2603.84,Trajet 4 | État: Vide. Identifié par IA.
-20.971883333,-68.701285,Cluster 2 (VERT),4,6.1,2621.3,Trajet 4 | État: Vide. Identifié par IA.
-20.971806667,-68.70138,Cluster 2 (VERT),5,10.9,2622.17,Trajet 5 | État: Chargé. Identifié par IA.
-20.973376667,-68.69578,Cluster 2 (VERT),5,13.0,2626.37,Trajet 5 | État: Chargé. Identifié par IA.
-20.959815,-68.708383333,Cluster 2 (VERT),5,1.3,2615.31,Trajet 5 | État: Chargé. Identifié par IA.
-20.95989,-68.708385,Cluster 2 (VERT),6,7.0,2614.3,Trajet 6 | État: Vide. Identifié par IA.
-20.969593333,-68.702583333,Cluster 2 (VERT),6,31.3,2606.23,Trajet 6 | État: Vide. Identifié par IA.
-20.971886667,-68.701266667,Cluster 2 (VERT),6,4.8,2627.63,Trajet 6 | État: Vide. Identifié par IA.
-20.971818333,-68.701331667,Cluster 2 (VERT),7,10.0,2627.88,Trajet 7 | État: Chargé. Identifié par IA.
-20.968441667,-68.697245,Cluster 2 (VERT),7,25.6,2629.8,Trajet 7 | État: Chargé. Identifié par IA.
-20.95984,-68.708366667,Cluster 2 (VERT),7,4.4,2606.52,Trajet 7 | État: Chargé. Identifié par IA.
-20.95992,-68.708383333,Cluster 2 (VERT),8,7.0,2605.26,Trajet 8 | État: Vide. Identifié par IA.
-20.976718333,-68.700358333,Cluster 2 (VERT),8,38.9,2603.36,Trajet 8 | État: Vide. Identifié par IA.
-20.972228333,-68.701493333,Cluster 2 (VERT),8,5.9,2625.74,Trajet 8 | État: Vide. Identifié par IA.
-20.972145,-68.701578333,Cluster 0 (ROUGE),9,11.1,2625.74,Trajet 9 | État: Chargé. Identifié par IA.
-20.974415,-68.695298333,Cluster 0 (ROUGE),9,14.1,2623.55,Trajet 9 | État: Chargé. Identifié par IA.
-20.959856667,-68.708365,Cluster 0 (ROUGE),9,1.9,2605.83,Trajet 9 | État: Chargé. Identifié par IA.
-20.959941667,-68.70837,Cluster 0 (ROUGE),10,7.2,2605.63,Trajet 10 | État: Vide. Identifié par IA.
-20.977968333,-68.72426,Cluster 0 (ROUGE),10,0.0,2596.36,Trajet 10 | État: Vide. Identifié par IA.
-20.97208,-68.701168333,Cluster 0 (ROUGE),10,1.3,2621.6,Trajet 10 | État: Vide. Identifié par IA.
-20.972026667,-68.701221667,Cluster 0 (ROUGE),11,6.9,2622.42,Trajet 11 | État: Chargé. Identifié par IA.
-20.971211667,-68.69555,Cluster 0 (ROUGE),11,12.2,2623.28,Trajet 11 | État: Chargé. Identifié par IA.
-20.959863333,-68.70834,Cluster 0 (ROUGE),11,4.4,2605.84,Trajet 11 | État: Chargé. Identifié par IA.
-20.959943333,-68.70836,Cluster 1 (BLEU),12,6.7,2605.05,Trajet 12 | État: Vide. Identifié par IA.
-20.976451667,-68.709118333,Cluster 1 (BLEU),12,29.3,2603.25,Trajet 12 | État: Vide. Identifié par IA.
-20.96927,-68.7045,Cluster 1 (BLEU),12,2.0,2622.26,Trajet 12 | État: Vide. Identifié par IA.
-20.969371667,-68.704393333,Cluster 2 (VERT),13,7.4,2623.27,Trajet 13 | État: Chargé. Identifié par IA.
-20.972615,-68.695301667,Cluster 2 (VERT),13,10.7,2628.3,Trajet 13 | État: Chargé. Identifié par IA.
-20.95987,-68.70836,Cluster 2 (VERT),13,5.4,2606.82,Trajet 13 | État: Chargé. Identifié par IA.
-20.959951667,-68.708371667,Cluster 0 (ROUGE),14,6.5,2604.51,Trajet 14 | État: Vide. Identifié par IA.
-20.969566667,-68.702628333,Cluster 0 (ROUGE),14,34.1,2603.01,Trajet 14 | État: Vide. Identifié par IA.
-20.97218,-68.701236667,Cluster 0 (ROUGE),14,1.5,2624.39,Trajet 14 | État: Vide. Identifié par IA.
-20.972138333,-68.701246667,Cluster 1 (BLEU),15,6.7,2625.07,Trajet 15 | État: Chargé. Identifié par IA.
-20.971821667,-68.695446667,Cluster 1 (BLEU),15,15.4,2627.9,Trajet 15 | État: Chargé. Identifié par IA.
-20.95984,-68.708361667,Cluster 1 (BLEU),15,5.2,2596.34,Trajet 15 | État: Chargé. Identifié par IA.
-20.959933333,-68.708376667,Cluster 1 (BLEU),16,9.4,2596.42,Trajet 16 | État: Vide. Identifié par IA.
-20.959668333,-68.714421667,Cluster 1 (BLEU),16,0.0,2601.61,Trajet 16 | État: Vide. Identifié par IA.
-20.972223333,-68.701556667,Cluster 1 (BLEU),16,6.3,2623.36,Trajet 16 | État: Vide. Identifié par IA.
-20.97214,-68.701618333,Cluster 1 (BLEU),17,9.8,2624.14,Trajet 17 | État: Chargé. Identifié par IA.
-20.972176667,-68.696281667,Cluster 1 (BLEU),17,10.7,2629.65,Trajet 17 | État: Chargé. Identifié par IA.
-20.959826667,-68.708353333,Cluster 1 (BLEU),17,0.2,2611.94,Trajet 17 | État: Chargé. Identifié par IA.
-20.959826667,-68.708353333,Cluster 1 (BLEU),18,0.0,2610.68,Trajet 18 | État: Vide. Identifié par IA.
-20.979166667,-68.703865,Cluster 1 (BLEU),18,31.7,2600.0,Trajet 18 | État: Vide. Identifié par IA.
-20.969065,-68.704686667,Cluster 1 (BLEU),18,1.1,2621.27,Trajet 18 | État: Vide. Identifié par IA.
-20.969086667,-68.704605,Cluster 0 (ROUGE),19,8.0,2621.92,Trajet 19 | État: Chargé. Identifié par IA.
-20.967361667,-68.701685,Cluster 0 (ROUGE),19,12.4,2624.98,Trajet 19 | État: Chargé. Identifié par IA.
-20.959861667,-68.708358333,Cluster 0 (ROUGE),19,1.3,2599.62,Trajet 19 | État: Chargé. Identifié par IA.
-20.959916667,-68.708383333,Cluster 0 (ROUGE),20,10.6,2598.12,Trajet 20 | État: Vide. Identifié par IA.
-20.97558,-68.740933333,Cluster 0 (ROUGE),20,0.0,2597.51,Trajet 20 | État: Vide. Identifié par IA.
-20.970105,-68.729523333,Cluster 0 (ROUGE),20,5.4,2622.73,Trajet 20 | État: Vide. Identifié par IA.
-20.970063333,-68.729445,Cluster 0 (ROUGE),21,8.5,2624.07,Trajet 21 | État: Chargé. Identifié par IA.
-20.972666667,-68.731968333,Cluster 0 (ROUGE),21,13.0,2623.3,Trajet 21 | État: Chargé. Identifié par IA.
-20.975776667,-68.735668333,Cluster 0 (ROUGE),21,0.0,2611.35,Trajet 21 | État: Chargé. Identifié par IA.
-20.975776667,-68.735668333,Cluster 1 (BLEU),22,0.0,2609.96,Trajet 22 | État: Vide. Identifié par IA.
-20.969675,-68.728868333,Cluster 1 (BLEU),22,0.6,2601.2,Trajet 22 | État: Vide. Identifié par IA.
-20.96981,-68.729751667,Cluster 1 (BLEU),22,1.2,2626.35,Trajet 22 | État: Vide. Identifié par IA.
-20.969835,-68.7297,Cluster 2 (VERT),23,6.5,2626.57,Trajet 23 | État: Chargé. Identifié par IA.
-20.97267,-68.73211,Cluster 2 (VERT),23,12.8,2627.2,Trajet 23 | État: Chargé. Identifié par IA.
-20.977243333,-68.735401667,Cluster 2 (VERT),23,5.6,2605.29,Trajet 23 | État: Chargé. Identifié par IA.
-20.977213333,-68.735521667,Cluster 1 (BLEU),24,11.1,2604.39,Trajet 24 | État: Vide. Identifié par IA.
-20.968556667,-68.716198333,Cluster 1 (BLEU),24,19.6,2603.32,Trajet 24 | État: Vide. Identifié par IA.
-20.971036667,-68.71201,Cluster 1 (BLEU),24,0.4,2622.6,Trajet 24 | État: Vide. Identifié par IA.
-20.971486667,-68.711866667,Cluster 3 (ORANGE),25,23.5,2626.09,Trajet 25 | État: Chargé. Identifié par IA.
-20.970905,-68.717066667,Cluster 3 (ORANGE),25,18.3,2625.92,Trajet 25 | État: Chargé. Identifié par IA.
-20.977613333,-68.735275,Cluster 3 (ORANGE),25,0.0,2611.49,Trajet 25 | État: Chargé. Identifié par IA.
-20.977613333,-68.735275,Cluster 0 (ROUGE),26,0.0,2610.54,Trajet 26 | État: Vide. Identifié par IA.
-20.983378333,-68.698738333,Cluster 0 (ROUGE),26,24.8,2604.88,Trajet 26 | État: Vide. Identifié par IA.
-20.984015,-68.702975,Cluster 0 (ROUGE),26,5.4,2625.7,Trajet 26 | État: Vide. Identifié par IA.
-20.984003333,-68.702886667,Cluster 1 (BLEU),27,8.3,2625.87,Trajet 27 | État: Chargé. Identifié par IA.
-20.98251,-68.712698333,Cluster 1 (BLEU),27,34.8,2624.79,Trajet 27 | État: Chargé. Identifié par IA.
-20.982495,-68.730901667,Cluster 1 (BLEU),27,0.0,2607.19,Trajet 27 | État: Chargé. Identifié par IA.
-20.982495,-68.730901667,Cluster 1 (BLEU),28,0.0,2605.64,Trajet 28 | État: Vide. Identifié par IA.
-20.97434,-68.698906667,Cluster 1 (BLEU),28,31.7,2602.58,Trajet 28 | État: Vide. Identifié par IA.
-20.969251667,-68.705016667,Cluster 1 (BLEU),28,1.9,2627.7,Trajet 28 | État: Vide. Identifié par IA.
-20.969323333,-68.704896667,Cluster 2 (VERT),29,7.8,2629.31,Trajet 29 | État: Chargé. Identifié par IA.
-20.97381,-68.695153333,Cluster 2 (VERT),29,11.7,2631.46,Trajet 29 | État: Chargé. Identifié par IA.
-20.959426667,-68.70847,Cluster 2 (VERT),29,1.7,2600.87,Trajet 29 | État: Chargé. Identifié par IA.
-20.959336667,-68.70857,Cluster 2 (VERT),30,9.3,2600.99,Trajet 30 | État: Vide. Identifié par IA.
-20.97512,-68.711011667,Cluster 2 (VERT),30,34.6,2608.65,Trajet 30 | État: Vide. Identifié par IA.
-20.970861667,-68.711308333,Cluster 2 (VERT),30,5.4,2630.17,Trajet 30 | État: Vide. Identifié par IA.
-20.97096,-68.711318333,Cluster 2 (VERT),31,10.6,2630.67,Trajet 31 | État: Chargé. Identifié par IA.
-20.968783333,-68.716325,Cluster 2 (VERT),31,11.7,2630.46,Trajet 31 | État: Chargé. Identifié par IA.
-20.977298333,-68.735246667,Cluster 2 (VERT),31,5.9,2605.17,Trajet 31 | État: Chargé. Identifié par IA.
-20.97735,-68.73534,Cluster 1 (BLEU),32,9.3,2603.92,Trajet 32 | État: Vide. Identifié par IA.
-20.972475,-68.686076667,Cluster 1 (BLEU),32,36.9,2605.26,Trajet 32 | État: Vide. Identifié par IA.
-20.978071667,-68.689708333,Cluster 1 (BLEU),32,3.7,2629.13,Trajet 32 | État: Vide. Identifié par IA.
-20.978145,-68.689713333,Cluster 1 (BLEU),33,8.3,2630.27,Trajet 33 | État: Chargé. Identifié par IA.
-20.958491667,-68.707013333,Cluster 1 (BLEU),33,0.0,2605.75,Trajet 33 | État: Chargé. Identifié par IA.
-20.976343333,-68.735361667,Cluster 1 (BLEU),33,0.0,2608.85,Trajet 33 | État: Chargé. Identifié par IA.
-20.976343333,-68.735361667,Cluster 2 (VERT),34,0.0,2607.07,Trajet 34 | État: Vide. Identifié par IA.
-20.97787,-68.72464,Cluster 2 (VERT),34,0.0,2598.92,Trajet 34 | État: Vide. Identifié par IA.
-20.982081667,-68.696565,Cluster 2 (VERT),34,6.5,2617.6,Trajet 34 | État: Vide. Identifié par IA.
-20.982095,-68.696443333,Cluster 1 (BLEU),35,10.9,2618.29,Trajet 35 | État: Chargé. Identifié par IA.
-20.980738333,-68.716813333,Cluster 1 (BLEU),35,47.8,2614.49,Trajet 35 | État: Chargé. Identifié par IA.
-20.982588333,-68.730593333,Cluster 1 (BLEU),35,2.5,2602.17,Trajet 35 | État: Chargé. Identifié par IA.
-20.982636667,-68.730635,Cluster 2 (VERT),36,12.6,2601.0,Trajet 36 | État: Vide. Identifié par IA.
-20.975395,-68.723383333,Cluster 2 (VERT),36,0.0,2598.16,Trajet 36 | État: Vide. Identifié par IA.
-20.97508,-68.723043333,Cluster 2 (VERT),36,5.9,2616.8,Trajet 36 | État: Vide. Identifié par IA.
-20.97513,-68.722945,Cluster 1 (BLEU),37,10.6,2617.27,Trajet 37 | État: Chargé. Identifié par IA.
-20.970773333,-68.730955,Cluster 1 (BLEU),37,32.2,2623.64,Trajet 37 | État: Chargé. Identifié par IA.
-20.971641667,-68.750796667,Cluster 1 (BLEU),37,2.5,2599.32,Trajet 37 | État: Chargé. Identifié par IA.
-20.971705,-68.750796667,Cluster 2 (VERT),38,7.6,2598.66,Trajet 38 | État: Vide. Identifié par IA.
-20.970436667,-68.724438333,Cluster 2 (VERT),38,6.3,2599.81,Trajet 38 | État: Vide. Identifié par IA.
-20.969195,-68.70025,Cluster 2 (VERT),38,13.2,2625.7,Trajet 38 | État: Vide. Identifié par IA.
-20.968368333,-68.701048333,Cluster 3 (ORANGE),39,12.6,2625.76,Trajet 39 | État: Chargé. Identifié par IA.
-20.964193333,-68.70166,Cluster 3 (ORANGE),39,14.4,2628.13,Trajet 39 | État: Chargé. Identifié par IA.
-20.959891667,-68.708351667,Cluster 3 (ORANGE),39,5.6,2602.32,Trajet 39 | État: Chargé. Identifié par IA.
-20.959996667,-68.708368333,Cluster 0 (ROUGE),40,8.7,2602.2,Trajet 40 | État: Vide. Identifié par IA.
-20.969963333,-68.72818,Cluster 0 (ROUGE),40,28.5,2604.06,Trajet 40 | État: Vide. Identifié par IA.
-20.969831667,-68.729846667,Cluster 0 (ROUGE),40,5.9,2629.29,Trajet 40 | État: Vide. Identifié par IA.
-20.969895,-68.729771667,Cluster 3 (ORANGE),41,8.5,2629.84,Trajet 41 | État: Chargé. Identifié par IA.
-20.972643333,-68.731965,Cluster 3 (ORANGE),41,12.2,2632.84,Trajet 41 | État: Chargé. Identifié par IA.
-20.97688,-68.735121667,Cluster 3 (ORANGE),41,3.7,2621.61,Trajet 41 | État: Chargé. Identifié par IA.
-20.976868333,-68.735108333,Cluster 0 (ROUGE),42,0.7,2618.97,Trajet 42 | État: Vide. Identifié par IA.
-20.970283333,-68.72964,Cluster 0 (ROUGE),42,0.0,2602.31,Trajet 42 | État: Vide. Identifié par IA.
-20.96983,-68.72987,Cluster 0 (ROUGE),42,4.6,2625.55,Trajet 42 | État: Vide. Identifié par IA.
-20.96987,-68.729801667,Cluster 1 (BLEU),43,6.9,2625.55,Trajet 43 | État: Chargé. Identifié par IA.
-20.972686667,-68.730965,Cluster 1 (BLEU),43,21.9,2624.78,Trajet 43 | État: Chargé. Identifié par IA.
-20.975495,-68.735823333,Cluster 1 (BLEU),43,0.6,2603.66,Trajet 43 | État: Chargé. Identifié par IA.
-20.97552,-68.735858333,Cluster 0 (ROUGE),44,6.9,2603.41,Trajet 44 | État: Vide. Identifié par IA.
-20.984275,-68.70773,Cluster 0 (ROUGE),44,37.8,2601.31,Trajet 44 | État: Vide. Identifié par IA.
-20.98198,-68.696823333,Cluster 0 (ROUGE),44,6.5,2620.75,Trajet 44 | État: Vide. Identifié par IA.
-20.98196,-68.696716667,Cluster 0 (ROUGE),45,8.2,2621.69,Trajet 45 | État: Chargé. Identifié par IA.
-20.979745,-68.724883333,Cluster 0 (ROUGE),45,56.9,2617.69,Trajet 45 | État: Chargé. Identifié par IA.
-20.982711667,-68.730423333,Cluster 0 (ROUGE),45,1.0,2601.99,Trajet 45 | État: Chargé. Identifié par IA.
-20.982721667,-68.730446667,Cluster 0 (ROUGE),46,6.9,2602.22,Trajet 46 | État: Vide. Identifié par IA.
-20.984635,-68.702583333,Cluster 0 (ROUGE),46,0.0,2603.12,Trajet 46 | État: Vide. Identifié par IA.
-20.9839,-68.703106667,Cluster 0 (ROUGE),46,5.9,2625.52,Trajet 46 | État: Vide. Identifié par IA.
-20.983943333,-68.703036667,Cluster 3 (ORANGE),47,7.2,2626.9,Trajet 47 | État: Chargé. Identifié par IA.
-20.980038333,-68.718231667,Cluster 3 (ORANGE),47,34.3,2622.37,Trajet 47 | État: Chargé. Identifié par IA.
-20.982465,-68.730773333,Cluster 3 (ORANGE),47,0.0,2602.31,Trajet 47 | État: Chargé. Identifié par IA.
-20.982465,-68.730773333,Cluster 1 (BLEU),48,0.0,2600.52,Trajet 48 | État: Vide. Identifié par IA.
-20.975788333,-68.741048333,Cluster 1 (BLEU),48,0.0,2600.72,Trajet 48 | État: Vide. Identifié par IA.
-20.969293333,-68.704653333,Cluster 1 (BLEU),48,4.1,2627.2,Trajet 48 | État: Vide. Identifié par IA.
-20.969515,-68.704088333,Cluster 1 (BLEU),49,10.2,2628.39,Trajet 49 | État: Chargé. Identifié par IA.
-20.972556667,-68.695308333,Cluster 1 (BLEU),49,10.4,2625.21,Trajet 49 | État: Chargé. Identifié par IA.
-20.959398333,-68.708443333,Cluster 1 (BLEU),49,2.2,2597.12,Trajet 49 | État: Chargé. Identifié par IA.
-20.959311667,-68.708511667,Cluster 2 (VERT),50,7.6,2597.31,Trajet 50 | État: Vide. Identifié par IA.
-20.969085,-68.703183333,Cluster 2 (VERT),50,20.7,2599.61,Trajet 50 | État: Vide. Identifié par IA.
-20.969325,-68.704415,Cluster 2 (VERT),50,6.1,2622.23,Trajet 50 | État: Vide. Identifié par IA.
-20.969341667,-68.70433,Cluster 2 (VERT),51,7.8,2622.6,Trajet 51 | État: Chargé. Identifié par IA.
-20.966336667,-68.699185,Cluster 2 (VERT),51,19.4,2623.84,Trajet 51 | État: Chargé. Identifié par IA.
-20.95933,-68.708483333,Cluster 2 (VERT),51,5.7,2600.84,Trajet 51 | État: Chargé. Identifié par IA.
-20.959325,-68.708571667,Cluster 1 (BLEU),52,7.0,2600.66,Trajet 52 | État: Vide. Identifié par IA.
-20.966941667,-68.690686667,Cluster 1 (BLEU),52,26.9,2600.68,Trajet 52 | État: Vide. Identifié par IA.
-20.987531667,-68.698631667,Cluster 1 (BLEU),52,5.4,2615.25,Trajet 52 | État: Vide. Identifié par IA.
-20.9875,-68.698503333,Cluster 1 (BLEU),53,10.6,2615.36,Trajet 53 | État: Chargé. Identifié par IA.
-20.961861667,-68.693166667,Cluster 1 (BLEU),53,27.6,2621.03,Trajet 53 | État: Chargé. Identifié par IA.
-21.008623333,-68.70205,Cluster 1 (BLEU),53,1.8,2609.23,Trajet 53 | État: Chargé. Identifié par IA.
-21.00858,-68.702041667,Cluster 3 (ORANGE),54,8.3,2608.33,Trajet 54 | État: Vide. Identifié par IA.
-20.955905,-68.7088,Cluster 3 (ORANGE),54,0.0,2596.04,Trajet 54 | État: Vide. Identifié par IA.
-20.987571667,-68.698676667,Cluster 3 (ORANGE),54,3.0,2607.92,Trajet 54 | État: Vide. Identifié par IA.
-20.987543333,-68.698605,Cluster 1 (BLEU),55,8.5,2608.2,Trajet 55 | État: Chargé. Identifié par IA.
-20.99045,-68.69028,Cluster 1 (BLEU),55,17.8,2604.88,Trajet 55 | État: Chargé. Identifié par IA.
-21.008713333,-68.702016667,Cluster 1 (BLEU),55,5.6,2590.17,Trajet 55 | État: Chargé. Identifié par IA.
-21.008576667,-68.702001667,Cluster 1 (BLEU),56,14.1,2589.94,Trajet 56 | État: Vide. Identifié par IA.
-20.981588333,-68.690923333,Cluster 1 (BLEU),56,0.0,2591.73,Trajet 56 | État: Vide. Identifié par IA.
-20.978121667,-68.68957,Cluster 1 (BLEU),56,4.4,2612.77,Trajet 56 | État: Vide. Identifié par IA.
-20.978201667,-68.689636667,Cluster 1 (BLEU),57,10.0,2613.32,Trajet 57 | État: Chargé. Identifié par IA.
-20.960596667,-68.69548,Cluster 1 (BLEU),57,30.4,2613.62,Trajet 57 | État: Chargé. Identifié par IA.
-20.949215,-68.709868333,Cluster 1 (BLEU),57,0.2,2608.63,Trajet 57 | État: Chargé. Identifié par IA.
-20.949215,-68.709868333,Cluster 1 (BLEU),58,0.2,2606.97,Trajet 58 | État: Vide. Identifié par IA.
-20.969736667,-68.689346667,Cluster 1 (BLEU),58,50.2,2593.28,Trajet 58 | État: Vide. Identifié par IA.
-20.978073333,-68.689473333,Cluster 1 (BLEU),58,1.7,2622.86,Trajet 58 | État: Vide. Identifié par IA.
-20.978206667,-68.689563333,Cluster 1 (BLEU),59,9.6,2623.58,Trajet 59 | État: Chargé. Identifié par IA.
-20.960025,-68.69682,Cluster 1 (BLEU),59,24.1,2614.82,Trajet 59 | État: Chargé. Identifié par IA.
-20.949078333,-68.709768333,Cluster 1 (BLEU),59,5.6,2602.19,Trajet 59 | État: Chargé. Identifié par IA.
-20.94905,-68.709895,Cluster 1 (BLEU),60,11.9,2601.85,Trajet 60 | État: Vide. Identifié par IA.
-20.98145,-68.690958333,Cluster 1 (BLEU),60,0.0,2567.35,Trajet 60 | État: Vide. Identifié par IA.
-20.97786,-68.689428333,Cluster 1 (BLEU),60,1.7,2578.06,Trajet 60 | État: Vide. Identifié par IA.
-20.977971667,-68.68953,Cluster 1 (BLEU),61,9.1,2578.27,Trajet 61 | État: Chargé. Identifié par IA.
-20.977595,-68.681445,Cluster 1 (BLEU),61,20.7,2587.56,Trajet 61 | État: Chargé. Identifié par IA.
-20.949208333,-68.709765,Cluster 1 (BLEU),61,2.0,2573.69,Trajet 61 | État: Chargé. Identifié par IA.
-20.949161667,-68.709858333,Cluster 1 (BLEU),62,9.8,2573.06,Trajet 62 | État: Vide. Identifié par IA.
-20.95854,-68.707151667,Cluster 1 (BLEU),62,0.2,2570.53,Trajet 62 | État: Vide. Identifié par IA.
-20.973141667,-68.702246667,Cluster 1 (BLEU),62,6.3,2606.17,Trajet 62 | État: Vide. Identifié par IA.
-20.973243333,-68.702191667,Cluster 2 (VERT),63,10.9,2606.3,Trajet 63 | État: Chargé. Identifié par IA.
-20.970385,-68.697605,Cluster 2 (VERT),63,21.1,2611.11,Trajet 63 | État: Chargé. Identifié par IA.
-20.959781667,-68.708355,Cluster 2 (VERT),63,0.2,2582.47,Trajet 63 | État: Chargé. Identifié par IA.
-20.959821667,-68.708368333,Cluster 3 (ORANGE),64,6.7,2580.77,Trajet 64 | État: Vide. Identifié par IA.
-20.97629,-68.70533,Cluster 3 (ORANGE),64,36.9,2576.41,Trajet 64 | État: Vide. Identifié par IA.
-20.97312,-68.702306667,Cluster 3 (ORANGE),64,4.4,2603.96,Trajet 64 | État: Vide. Identifié par IA.
-20.973906667,-68.701958333,Cluster 2 (VERT),65,8.5,2605.46,Trajet 65 | État: Chargé. Identifié par IA.
-20.97625,-68.700726667,Cluster 2 (VERT),65,11.7,2604.53,Trajet 65 | État: Chargé. Identifié par IA.
-20.959395,-68.708496667,Cluster 2 (VERT),65,5.0,2579.34,Trajet 65 | État: Chargé. Identifié par IA.
-20.95935,-68.708558333,Cluster 2 (VERT),66,7.6,2578.73,Trajet 66 | État: Vide. Identifié par IA.
-20.975301667,-68.703263333,Cluster 2 (VERT),66,27.2,2582.71,Trajet 66 | État: Vide. Identifié par IA.
-20.973156667,-68.70228,Cluster 2 (VERT),66,3.5,2614.26,Trajet 66 | État: Vide. Identifié par IA.
-20.973221667,-68.702228333,Cluster 0 (ROUGE),67,7.0,2613.98,Trajet 67 | État: Chargé. Identifié par IA.
-20.971043333,-68.695671667,Cluster 0 (ROUGE),67,11.9,2614.89,Trajet 67 | État: Chargé. Identifié par IA.
-20.959338333,-68.708508333,Cluster 0 (ROUGE),67,9.4,2605.37,Trajet 67 | État: Chargé. Identifié par IA.
-20.95945,-68.708466667,Cluster 1 (BLEU),68,0.7,2604.59,Trajet 68 | État: Vide. Identifié par IA.
-20.977841667,-68.724928333,Cluster 1 (BLEU),68,0.0,2580.61,Trajet 68 | État: Vide. Identifié par IA.
-20.973906667,-68.700568333,Cluster 1 (BLEU),68,0.2,2608.82,Trajet 68 | État: Vide. Identifié par IA.
-20.973561667,-68.700616667,Cluster 1 (BLEU),69,14.6,2612.15,Trajet 69 | État: Chargé. Identifié par IA.
-20.96821,-68.69748,Cluster 1 (BLEU),69,29.8,2619.1,Trajet 69 | État: Chargé. Identifié par IA.
-20.959375,-68.708536667,Cluster 1 (BLEU),69,6.3,2585.32,Trajet 69 | État: Chargé. Identifié par IA.
-20.959398333,-68.70862,Cluster 1 (BLEU),70,7.2,2585.49,Trajet 70 | État: Vide. Identifié par IA.
-20.975893333,-68.694908333,Cluster 1 (BLEU),70,33.7,2583.89,Trajet 70 | État: Vide. Identifié par IA.
-20.970583333,-68.702236667,Cluster 1 (BLEU),70,36.7,2588.44,Trajet 70 | État: Vide. Identifié par IA.
-20.968636667,-68.703405,Cluster 3 (ORANGE),71,13.5,2621.58,Trajet 71 | État: Chargé. Identifié par IA.
-20.962745,-68.707158333,Cluster 3 (ORANGE),71,29.6,2624.14,Trajet 71 | État: Chargé. Identifié par IA.
-20.959793333,-68.708376667,Cluster 3 (ORANGE),71,0.0,2604.92,Trajet 71 | État: Chargé. Identifié par IA.
-20.959793333,-68.708376667,Cluster 1 (BLEU),72,0.0,2603.43,Trajet 72 | État: Vide. Identifié par IA.
-20.959043333,-68.714698333,Cluster 1 (BLEU),72,0.0,2589.81,Trajet 72 | État: Vide. Identifié par IA.
-20.973151667,-68.700538333,Cluster 1 (BLEU),72,28.2,2584.08,Trajet 72 | État: Vide. Identifié par IA.
-20.970616667,-68.702495,Cluster 3 (ORANGE),73,25.0,2618.65,Trajet 73 | État: Chargé. Identifié par IA.
-20.968836667,-68.696856667,Cluster 3 (ORANGE),73,12.2,2623.98,Trajet 73 | État: Chargé. Identifié par IA.
-20.959811667,-68.70835,Cluster 3 (ORANGE),73,0.0,2606.67,Trajet 73 | État: Chargé. Identifié par IA.
-20.959811667,-68.70835,Cluster 0 (ROUGE),74,0.0,2603.95,Trajet 74 | État: Vide. Identifié par IA.
-20.971336667,-68.69537,Cluster 0 (ROUGE),74,31.5,2587.8,Trajet 74 | État: Vide. Identifié par IA.
-20.97535,-68.703845,Cluster 0 (ROUGE),74,29.8,2588.88,Trajet 74 | État: Vide. Identifié par IA.
-20.962736667,-68.706601667,Cluster 1 (BLEU),75,25.6,2619.81,Trajet 75 | État: Chargé. Identifié par IA.
-20.959826667,-68.709145,Cluster 1 (BLEU),75,8.5,2620.28,Trajet 75 | État: Chargé. Identifié par IA.
-20.958075,-68.708851667,Cluster 1 (BLEU),75,0.4,2593.97,Trajet 75 | État: Chargé. Identifié par IA.
-20.95811,-68.708845,Cluster 1 (BLEU),76,6.1,2593.05,Trajet 76 | État: Vide. Identifié par IA.
-20.959483333,-68.714906667,Cluster 1 (BLEU),76,0.0,2584.04,Trajet 76 | État: Vide. Identifié par IA.
-20.97294,-68.702346667,Cluster 1 (BLEU),76,4.6,2613.93,Trajet 76 | État: Vide. Identifié par IA.
-20.973013333,-68.702308333,Cluster 2 (VERT),77,8.2,2614.86,Trajet 77 | État: Chargé. Identifié par IA.
-20.972166667,-68.695386667,Cluster 2 (VERT),77,14.6,2613.31,Trajet 77 | État: Chargé. Identifié par IA.
-20.959448333,-68.708468333,Cluster 2 (VERT),77,1.9,2590.95,Trajet 77 | État: Chargé. Identifié par IA.
-20.959373333,-68.708578333,Cluster 2 (VERT),78,8.9,2590.05,Trajet 78 | État: Vide. Identifié par IA.
-20.957463333,-68.707618333,Cluster 2 (VERT),78,0.0,2576.2,Trajet 78 | État: Vide. Identifié par IA.
-20.970443333,-68.711956667,Cluster 2 (VERT),78,6.3,2598.16,Trajet 78 | État: Vide. Identifié par IA.
-20.97053,-68.711905,Cluster 1 (BLEU),79,9.1,2598.54,Trajet 79 | État: Chargé. Identifié par IA.
-20.966508333,-68.715118333,Cluster 1 (BLEU),79,12.0,2605.22,Trajet 79 | État: Chargé. Identifié par IA.
-20.952916667,-68.716016667,Cluster 1 (BLEU),79,0.0,2591.07,Trajet 79 | État: Chargé. Identifié par IA.
-20.952916667,-68.716016667,Cluster 1 (BLEU),80,0.0,2589.18,Trajet 80 | État: Vide. Identifié par IA.
-20.955216667,-68.727466667,Cluster 1 (BLEU),80,0.0,2572.31,Trajet 80 | État: Vide. Identifié par IA.
-20.972411667,-68.702736667,Cluster 1 (BLEU),80,3.5,2611.38,Trajet 80 | État: Vide. Identifié par IA.
-20.972516667,-68.702711667,Cluster 1 (BLEU),81,9.8,2611.78,Trajet 81 | État: Chargé. Identifié par IA.
-20.971633333,-68.696588333,Cluster 1 (BLEU),81,12.8,2612.56,Trajet 81 | État: Chargé. Identifié par IA.
-20.95849,-68.708858333,Cluster 1 (BLEU),81,1.9,2581.22,Trajet 81 | État: Chargé. Identifié par IA.
-20.958635,-68.708836667,Cluster 1 (BLEU),82,9.3,2581.46,Trajet 82 | État: Vide. Identifié par IA.
-20.980475,-68.68874,Cluster 1 (BLEU),82,23.7,2586.19,Trajet 82 | État: Vide. Identifié par IA.
-20.986091667,-68.696843333,Cluster 1 (BLEU),82,6.3,2615.58,Trajet 82 | État: Vide. Identifié par IA.
-20.98602,-68.696776667,Cluster 0 (ROUGE),83,7.2,2617.24,Trajet 83 | État: Chargé. Identifié par IA.
-20.981851667,-68.6897,Cluster 0 (ROUGE),83,28.3,2614.81,Trajet 83 | État: Chargé. Identifié par IA.
-21.008473333,-68.702478333,Cluster 0 (ROUGE),83,1.1,2604.81,Trajet 83 | État: Chargé. Identifié par IA.
-21.008838333,-68.702248333,Cluster 0 (ROUGE),84,0.4,2602.59,Trajet 84 | État: Vide. Identifié par IA.
-20.981793333,-68.689443333,Cluster 0 (ROUGE),84,14.6,2584.97,Trajet 84 | État: Vide. Identifié par IA.
-20.986086667,-68.6972,Cluster 0 (ROUGE),84,2.0,2603.72,Trajet 84 | État: Vide. Identifié par IA.
-20.985963333,-68.697213333,Cluster 0 (ROUGE),85,9.8,2604.58,Trajet 85 | État: Chargé. Identifié par IA.
-20.98818,-68.689625,Cluster 0 (ROUGE),85,18.7,2609.58,Trajet 85 | État: Chargé. Identifié par IA.
-21.008873333,-68.70221,Cluster 0 (ROUGE),85,5.7,2583.48,Trajet 85 | État: Chargé. Identifié par IA.
-21.008766667,-68.702221667,Cluster 0 (ROUGE),86,10.0,2582.96,Trajet 86 | État: Vide. Identifié par IA.
-20.985966667,-68.688615,Cluster 0 (ROUGE),86,28.3,2581.46,Trajet 86 | État: Vide. Identifié par IA.
-20.986011667,-68.697206667,Cluster 0 (ROUGE),86,6.5,2610.65,Trajet 86 | État: Vide. Identifié par IA.
-20.98588,-68.697183333,Cluster 3 (ORANGE),87,14.1,2610.86,Trajet 87 | État: Chargé. Identifié par IA.
-20.985618333,-68.695541667,Cluster 3 (ORANGE),87,0.0,2610.37,Trajet 87 | État: Chargé. Identifié par IA.
-21.006713333,-68.70137,Cluster 3 (ORANGE),87,0.0,2598.36,Trajet 87 | État: Chargé. Identifié par IA.
-21.006713333,-68.70137,Cluster 0 (ROUGE),88,0.0,2596.55,Trajet 88 | État: Vide. Identifié par IA.
-20.98333,-68.690113333,Cluster 0 (ROUGE),88,40.0,2585.04,Trajet 88 | État: Vide. Identifié par IA.
-20.986158333,-68.697165,Cluster 0 (ROUGE),88,5.0,2610.26,Trajet 88 | État: Vide. Identifié par IA.
-20.986091667,-68.697195,Cluster 1 (BLEU),89,6.3,2610.98,Trajet 89 | État: Chargé. Identifié par IA.
-20.991411667,-68.690386667,Cluster 1 (BLEU),89,30.0,2615.59,Trajet 89 | État: Chargé. Identifié par IA.
-21.008531667,-68.702045,Cluster 1 (BLEU),89,5.6,2587.77,Trajet 89 | État: Chargé. Identifié par IA.
-21.008481667,-68.701953333,Cluster 1 (BLEU),90,8.9,2586.75,Trajet 90 | État: Vide. Identifié par IA.
-20.95858,-68.707156667,Cluster 1 (BLEU),90,0.0,2583.76,Trajet 90 | État: Vide. Identifié par IA.
-20.969133333,-68.710855,Cluster 1 (BLEU),90,5.4,2606.26,Trajet 90 | État: Vide. Identifié par IA.
-20.969148333,-68.710761667,Cluster 0 (ROUGE),91,7.8,2606.53,Trajet 91 | État: Chargé. Identifié par IA.
-20.970943333,-68.715666667,Cluster 0 (ROUGE),91,13.5,2608.99,Trajet 91 | État: Chargé. Identifié par IA.
-20.95343,-68.716061667,Cluster 0 (ROUGE),91,6.1,2600.2,Trajet 91 | État: Chargé. Identifié par IA.
-20.953433333,-68.716068333,Cluster 3 (ORANGE),92,0.2,2598.24,Trajet 92 | État: Vide. Identifié par IA.
-20.968285,-68.725705,Cluster 3 (ORANGE),92,43.3,2583.33,Trajet 92 | État: Vide. Identifié par IA.
-20.97754,-68.71709,Cluster 3 (ORANGE),92,4.6,2607.96,Trajet 92 | État: Vide. Identifié par IA.
-20.977456667,-68.717063333,Cluster 3 (ORANGE),93,7.8,2608.04,Trajet 93 | État: Chargé. Identifié par IA.
-20.971701667,-68.728528333,Cluster 3 (ORANGE),93,15.6,2607.1,Trajet 93 | État: Chargé. Identifié par IA.
-20.977246667,-68.734766667,Cluster 3 (ORANGE),93,0.0,2593.86,Trajet 93 | État: Chargé. Identifié par IA.
-20.977246667,-68.734766667,Cluster 3 (ORANGE),94,0.0,2592.46,Trajet 94 | État: Vide. Identifié par IA.
-20.983838333,-68.709415,Cluster 3 (ORANGE),94,33.7,2592.32,Trajet 94 | État: Vide. Identifié par IA.
-20.983995,-68.703748333,Cluster 3 (ORANGE),94,1.1,2610.89,Trajet 94 | État: Vide. Identifié par IA.
-20.98395,-68.70364,Cluster 3 (ORANGE),95,6.9,2611.49,Trajet 95 | État: Chargé. Identifié par IA.
-20.98078,-68.716606667,Cluster 3 (ORANGE),95,34.1,2606.91,Trajet 95 | État: Chargé. Identifié par IA.
-20.984358333,-68.733176667,Cluster 3 (ORANGE),95,0.7,2588.44,Trajet 95 | État: Chargé. Identifié par IA.
-20.9843,-68.73317,Cluster 3 (ORANGE),96,8.0,2588.19,Trajet 96 | État: Vide. Identifié par IA.
-20.983601667,-68.701145,Cluster 3 (ORANGE),96,24.4,2589.35,Trajet 96 | État: Vide. Identifié par IA.
-20.983981667,-68.703628333,Cluster 3 (ORANGE),96,6.3,2610.67,Trajet 96 | État: Vide. Identifié par IA.
-20.983916667,-68.703565,Cluster 3 (ORANGE),97,7.8,2611.01,Trajet 97 | État: Chargé. Identifié par IA.
-20.98067,-68.716883333,Cluster 3 (ORANGE),97,43.3,2611.48,Trajet 97 | État: Chargé. Identifié par IA.
-20.984083333,-68.733805,Cluster 3 (ORANGE),97,1.1,2590.18,Trajet 97 | État: Chargé. Identifié par IA.
-20.98409,-68.733731667,Cluster 3 (ORANGE),98,7.8,2589.3,Trajet 98 | État: Vide. Identifié par IA.
-20.983733333,-68.701095,Cluster 3 (ORANGE),98,34.3,2587.39,Trajet 98 | État: Vide. Identifié par IA.
-20.984318333,-68.70364,Cluster 3 (ORANGE),98,5.4,2615.15,Trajet 98 | État: Vide. Identifié par IA.
-20.984266667,-68.703551667,Cluster 1 (BLEU),99,8.3,2615.24,Trajet 99 | État: Chargé. Identifié par IA.
-20.977595,-68.723183333,Cluster 1 (BLEU),99,0.0,2586.13,Trajet 99 | État: Chargé. Identifié par IA.
-20.959375,-68.708495,Cluster 1 (BLEU),99,4.4,2586.49,Trajet 99 | État: Chargé. Identifié par IA.
-20.959298333,-68.70851,Cluster 1 (BLEU),100,7.0,2585.28,Trajet 100 | État: Vide. Identifié par IA.
-20.956088333,-68.708956667,Cluster 1 (BLEU),100,8.7,2583.13,Trajet 100 | État: Vide. Identifié par IA.
-20.970341667,-68.7121,Cluster 1 (BLEU),100,3.2,2602.84,Trajet 100 | État: Vide. Identifié par IA.
-20.970405,-68.712083333,Cluster 1 (BLEU),101,6.5,2603.22,Trajet 101 | État: Chargé. Identifié par IA.
-20.969263333,-68.716113333,Cluster 1 (BLEU),101,15.7,2607.95,Trajet 101 | État: Chargé. Identifié par IA.
-20.953036667,-68.71621,Cluster 1 (BLEU),101,0.0,2588.39,Trajet 101 | État: Chargé. Identifié par IA.
-20.953036667,-68.71621,Cluster 1 (BLEU),102,0.0,2588.13,Trajet 102 | État: Vide. Identifié par IA.
-20.977198333,-68.700755,Cluster 1 (BLEU),102,35.4,2586.86,Trajet 102 | État: Vide. Identifié par IA.
-20.973413333,-68.700161667,Cluster 1 (BLEU),102,3.5,2609.47,Trajet 102 | État: Vide. Identifié par IA.
-20.973458333,-68.700225,Cluster 2 (VERT),103,7.4,2610.55,Trajet 103 | État: Chargé. Identifié par IA.
-20.961285,-68.70999,Cluster 2 (VERT),103,25.6,2615.3,Trajet 103 | État: Chargé. Identifié par IA.
-20.95987,-68.708376667,Cluster 2 (VERT),103,5.9,2581.67,Trajet 103 | État: Chargé. Identifié par IA.
-20.959951667,-68.708393333,Cluster 1 (BLEU),104,6.9,2582.12,Trajet 104 | État: Vide. Identifié par IA.
-20.960223333,-68.714738333,Cluster 1 (BLEU),104,0.0,2576.33,Trajet 104 | État: Vide. Identifié par IA.
-20.971988333,-68.703266667,Cluster 1 (BLEU),104,0.2,2605.5,Trajet 104 | État: Vide. Identifié par IA.
-20.972035,-68.703211667,Cluster 2 (VERT),105,10.2,2605.37,Trajet 105 | État: Chargé. Identifié par IA.
-20.971023333,-68.696895,Cluster 2 (VERT),105,15.0,2608.44,Trajet 105 | État: Chargé. Identifié par IA.
-20.959411667,-68.708473333,Cluster 2 (VERT),105,4.1,2583.93,Trajet 105 | État: Chargé. Identifié par IA.
-20.959365,-68.708535,Cluster 1 (BLEU),106,7.0,2581.53,Trajet 106 | État: Vide. Identifié par IA.
-20.978233333,-68.705713333,Cluster 1 (BLEU),106,28.9,2581.82,Trajet 106 | État: Vide. Identifié par IA.
-20.973238333,-68.700176667,Cluster 1 (BLEU),106,1.7,2605.02,Trajet 106 | État: Vide. Identifié par IA.
-20.973296667,-68.700246667,Cluster 1 (BLEU),107,6.7,2606.27,Trajet 107 | État: Chargé. Identifié par IA.
-20.97205,-68.696331667,Cluster 1 (BLEU),107,10.4,2608.14,Trajet 107 | État: Chargé. Identifié par IA.
-20.95981,-68.708338333,Cluster 1 (BLEU),107,1.7,2580.95,Trajet 107 | État: Chargé. Identifié par IA.
-20.959898333,-68.708366667,Cluster 1 (BLEU),108,7.8,2581.14,Trajet 108 | État: Vide. Identifié par IA.
-20.95477,-68.727956667,Cluster 1 (BLEU),108,0.0,2580.05,Trajet 108 | État: Vide. Identifié par IA.
-20.970208333,-68.711188333,Cluster 1 (BLEU),108,3.5,2606.61,Trajet 108 | État: Vide. Identifié par IA.
-20.970286667,-68.711185,Cluster 0 (ROUGE),109,8.2,2607.57,Trajet 109 | État: Chargé. Identifié par IA.
-20.96543,-68.714635,Cluster 0 (ROUGE),109,10.4,2610.68,Trajet 109 | État: Chargé. Identifié par IA.
-20.953035,-68.716256667,Cluster 0 (ROUGE),109,0.4,2589.02,Trajet 109 | État: Chargé. Identifié par IA.
-20.953036667,-68.716213333,Cluster 0 (ROUGE),110,10.4,2588.23,Trajet 110 | État: Vide. Identifié par IA.
-20.968601667,-68.713083333,Cluster 0 (ROUGE),110,28.9,2582.79,Trajet 110 | État: Vide. Identifié par IA.
-20.9702,-68.711558333,Cluster 0 (ROUGE),110,1.3,2605.01,Trajet 110 | État: Vide. Identifié par IA.
-20.970268333,-68.711586667,Cluster 0 (ROUGE),111,8.0,2605.91,Trajet 111 | État: Chargé. Identifié par IA.
-20.967401667,-68.715485,Cluster 0 (ROUGE),111,26.3,2609.08,Trajet 111 | État: Chargé. Identifié par IA.
-20.953238333,-68.716113333,Cluster 0 (ROUGE),111,1.6,2589.9,Trajet 111 | État: Chargé. Identifié par IA.
-20.953275,-68.716128333,Cluster 0 (ROUGE),112,7.4,2588.45,Trajet 112 | État: Vide. Identifié par IA.
-20.957341667,-68.704023333,Cluster 0 (ROUGE),112,0.0,2515.16,Trajet 112 | État: Vide. Identifié par IA.
-20.954155,-68.732553333,Cluster 0 (ROUGE),112,4.4,2593.84,Trajet 112 | État: Vide. Identifié par IA.
-20.954148333,-68.732471667,Cluster 1 (BLEU),113,7.2,2593.77,Trajet 113 | État: Chargé. Identifié par IA.
-20.959513333,-68.709226667,Cluster 1 (BLEU),113,19.4,2602.64,Trajet 113 | État: Chargé. Identifié par IA.
-20.95939,-68.708485,Cluster 1 (BLEU),113,6.1,2568.16,Trajet 113 | État: Chargé. Identifié par IA.
-20.959395,-68.708581667,Cluster 1 (BLEU),114,8.5,2568.36,Trajet 114 | État: Vide. Identifié par IA.
-20.969698333,-68.6956,Cluster 1 (BLEU),114,23.0,2572.12,Trajet 114 | État: Vide. Identifié par IA.
-20.970126667,-68.698238333,Cluster 1 (BLEU),114,37.6,2613.02,Trajet 114 | État: Vide. Identifié par IA.
-20.970255,-68.69794,Cluster 2 (VERT),115,25.0,2613.81,Trajet 115 | État: Chargé. Identifié par IA.
-20.964841667,-68.700556667,Cluster 2 (VERT),115,14.8,2618.8,Trajet 115 | État: Chargé. Identifié par IA.
-20.95978,-68.708358333,Cluster 2 (VERT),115,0.0,2610.79,Trajet 115 | État: Chargé. Identifié par IA.
-20.95978,-68.708358333,Cluster 2 (VERT),116,0.0,2608.33,Trajet 116 | État: Vide. Identifié par IA.
-20.975836667,-68.681183333,Cluster 2 (VERT),116,31.9,2583.13,Trajet 116 | État: Vide. Identifié par IA.
-20.985841667,-68.69741,Cluster 2 (VERT),116,5.0,2610.17,Trajet 116 | État: Vide. Identifié par IA.
-20.985835,-68.697295,Cluster 1 (BLEU),117,10.4,2610.65,Trajet 117 | État: Chargé. Identifié par IA.
-20.96003,-68.69825,Cluster 1 (BLEU),117,20.9,2615.56,Trajet 117 | État: Chargé. Identifié par IA.
-20.953661667,-68.716076667,Cluster 1 (BLEU),117,0.0,2598.18,Trajet 117 | État: Chargé. Identifié par IA.
-20.953661667,-68.716076667,Cluster 1 (BLEU),118,0.0,2597.36,Trajet 118 | État: Vide. Identifié par IA.
-20.96594,-68.711116667,Cluster 1 (BLEU),118,34.8,2587.63,Trajet 118 | État: Vide. Identifié par IA.
-20.969978333,-68.711815,Cluster 1 (BLEU),118,3.3,2607.29,Trajet 118 | État: Vide. Identifié par IA.
-20.970043333,-68.711773333,Cluster 2 (VERT),119,7.2,2607.42,Trajet 119 | État: Chargé. Identifié par IA.
-20.966706667,-68.71522,Cluster 2 (VERT),119,13.7,2614.8,Trajet 119 | État: Chargé. Identifié par IA.
-20.953828333,-68.716105,Cluster 2 (VERT),119,0.0,2596.59,Trajet 119 | État: Chargé. Identifié par IA.
-20.953828333,-68.716105,Cluster 2 (VERT),120,0.0,2594.76,Trajet 120 | État: Vide. Identifié par IA.
-20.954385,-68.727636667,Cluster 2 (VERT),120,0.0,2578.44,Trajet 120 | État: Vide. Identifié par IA.
-20.970046667,-68.712058333,Cluster 2 (VERT),120,2.0,2606.4,Trajet 120 | État: Vide. Identifié par IA.
-20.970168333,-68.71202,Cluster 2 (VERT),121,7.2,2606.95,Trajet 121 | État: Chargé. Identifié par IA.
-20.965986667,-68.714908333,Cluster 2 (VERT),121,11.5,2612.82,Trajet 121 | État: Chargé. Identifié par IA.
-20.953468333,-68.716193333,Cluster 2 (VERT),121,0.0,2598.19,Trajet 121 | État: Chargé. Identifié par IA.
-20.953468333,-68.716193333,Cluster 1 (BLEU),122,0.0,2596.99,Trajet 122 | État: Vide. Identifié par IA.
-20.971278333,-68.71298,Cluster 1 (BLEU),122,0.0,2590.64,Trajet 122 | État: Vide. Identifié par IA.
-20.970063333,-68.712113333,Cluster 1 (BLEU),122,3.5,2613.58,Trajet 122 | État: Vide. Identifié par IA.
-20.970125,-68.712083333,Cluster 1 (BLEU),123,6.5,2614.64,Trajet 123 | État: Chargé. Identifié par IA.
-20.971065,-68.715695,Cluster 1 (BLEU),123,13.3,2613.84,Trajet 123 | État: Chargé. Identifié par IA.
-20.953555,-68.716081667,Cluster 1 (BLEU),123,6.3,2612.05,Trajet 123 | État: Chargé. Identifié par IA.
-20.953656667,-68.716061667,Cluster 2 (VERT),124,7.0,2592.49,Trajet 124 | État: Vide. Identifié par IA.
-20.962775,-68.705278333,Cluster 2 (VERT),124,35.4,2588.87,Trajet 124 | État: Vide. Identifié par IA.
-20.964065,-68.702028333,Cluster 2 (VERT),124,12.6,2617.12,Trajet 124 | État: Vide. Identifié par IA.
-20.964011667,-68.702188333,Cluster 1 (BLEU),125,13.0,2616.97,Trajet 125 | État: Chargé. Identifié par IA.
-20.959333333,-68.70924,Cluster 1 (BLEU),125,0.0,2614.66,Trajet 125 | État: Chargé. Identifié par IA.
-20.959433333,-68.708451667,Cluster 1 (BLEU),125,1.6,2594.73,Trajet 125 | État: Chargé. Identifié par IA.
-20.959381667,-68.70852,Cluster 1 (BLEU),126,7.0,2593.51,Trajet 126 | État: Vide. Identifié par IA.
-20.97366,-68.7115,Cluster 1 (BLEU),126,35.7,2588.77,Trajet 126 | État: Vide. Identifié par IA.
-20.970138333,-68.712116667,Cluster 1 (BLEU),126,1.9,2605.99,Trajet 126 | État: Vide. Identifié par IA.
-20.97027,-68.711948333,Cluster 0 (ROUGE),127,9.8,2607.05,Trajet 127 | État: Chargé. Identifié par IA.
-20.968318333,-68.715721667,Cluster 0 (ROUGE),127,23.7,2611.23,Trajet 127 | État: Chargé. Identifié par IA.
-20.953481667,-68.716198333,Cluster 0 (ROUGE),127,0.0,2598.25,Trajet 127 | État: Chargé. Identifié par IA.
-20.953481667,-68.716198333,Cluster 1 (BLEU),128,0.0,2597.5,Trajet 128 | État: Vide. Identifié par IA.
-20.962313333,-68.710266667,Cluster 1 (BLEU),128,25.2,2592.98,Trajet 128 | État: Vide. Identifié par IA.
-20.974996667,-68.706353333,Cluster 1 (BLEU),128,31.1,2588.54,Trajet 128 | État: Vide. Identifié par IA.
-20.976093333,-68.705606667,Cluster 1 (BLEU),129,11.5,2620.33,Trajet 129 | État: Chargé. Identifié par IA.
-20.96556,-68.699881667,Cluster 1 (BLEU),129,9.3,2626.95,Trajet 129 | État: Chargé. Identifié par IA.
-20.959845,-68.708363333,Cluster 1 (BLEU),129,4.8,2590.41,Trajet 129 | État: Chargé. Identifié par IA.
-20.95993,-68.708383333,Cluster 3 (ORANGE),130,8.9,2590.64,Trajet 130 | État: Vide. Identifié par IA.
-20.971386667,-68.701458333,Cluster 3 (ORANGE),130,27.2,2590.97,Trajet 130 | État: Vide. Identifié par IA.
-20.970496667,-68.70388,Cluster 3 (ORANGE),130,2.2,2617.87,Trajet 130 | État: Vide. Identifié par IA.
-20.970521667,-68.70376,Cluster 3 (ORANGE),131,7.4,2618.27,Trajet 131 | État: Chargé. Identifié par IA.
-20.970856667,-68.695661667,Cluster 3 (ORANGE),131,14.8,2616.8,Trajet 131 | État: Chargé. Identifié par IA.
-20.959446667,-68.708465,Cluster 3 (ORANGE),131,0.9,2593.16,Trajet 131 | État: Chargé. Identifié par IA.
-20.95937,-68.70849,Cluster 3 (ORANGE),132,7.0,2591.15,Trajet 132 | État: Vide. Identifié par IA.
-20.954098333,-68.727875,Cluster 3 (ORANGE),132,0.0,2585.96,Trajet 132 | État: Vide. Identifié par IA.
-20.955403333,-68.726693333,Cluster 3 (ORANGE),132,22.2,2585.81,Trajet 132 | État: Vide. Identifié par IA.
-20.962788333,-68.7077,Cluster 3 (ORANGE),133,42.4,2623.23,Trajet 133 | État: Chargé. Identifié par IA.
-20.959168333,-68.708881667,Cluster 3 (ORANGE),133,0.0,2619.46,Trajet 133 | État: Chargé. Identifié par IA.
-20.959436667,-68.708466667,Cluster 3 (ORANGE),133,2.2,2595.2,Trajet 133 | État: Chargé. Identifié par IA.
-20.959355,-68.708503333,Cluster 1 (BLEU),134,8.9,2594.46,Trajet 134 | État: Vide. Identifié par IA.
-20.978121667,-68.707116667,Cluster 1 (BLEU),134,24.4,2591.08,Trajet 134 | État: Vide. Identifié par IA.
-20.973006667,-68.699873333,Cluster 1 (BLEU),134,0.0,2598.46,Trajet 134 | État: Vide. Identifié par IA.
-20.973006667,-68.699873333,Cluster 1 (BLEU),135,0.0,2598.81,Trajet 135 | État: Chargé. Identifié par IA.
-20.97372,-68.695616667,Cluster 1 (BLEU),135,13.0,2621.34,Trajet 135 | État: Chargé. Identifié par IA.
-20.959391667,-68.708443333,Cluster 1 (BLEU),135,0.9,2590.7,Trajet 135 | État: Chargé. Identifié par IA.
-20.959356667,-68.708483333,Cluster 1 (BLEU),136,8.0,2591.09,Trajet 136 | État: Vide. Identifié par IA.
-20.977666667,-68.702263333,Cluster 1 (BLEU),136,43.2,2594.81,Trajet 136 | État: Vide. Identifié par IA.
-20.97298,-68.699856667,Cluster 1 (BLEU),136,0.9,2620.31,Trajet 136 | État: Vide. Identifié par IA.
-20.972971667,-68.699916667,Cluster 1 (BLEU),137,6.9,2621.27,Trajet 137 | État: Chargé. Identifié par IA.
-20.97515,-68.695165,Cluster 1 (BLEU),137,13.5,2621.76,Trajet 137 | État: Chargé. Identifié par IA.
-20.959383333,-68.708483333,Cluster 1 (BLEU),137,6.5,2600.95,Trajet 137 | État: Chargé. Identifié par IA.
-20.95933,-68.708571667,Cluster 1 (BLEU),138,9.3,2600.34,Trajet 138 | État: Vide. Identifié par IA.
-20.962811667,-68.711545,Cluster 1 (BLEU),138,26.5,2600.14,Trajet 138 | État: Vide. Identifié par IA.
-20.975921667,-68.714593333,Cluster 1 (BLEU),138,11.9,2615.94,Trajet 138 | État: Vide. Identifié par IA.
-20.975771667,-68.714641667,Cluster 1 (BLEU),139,12.2,2615.92,Trajet 139 | État: Chargé. Identifié par IA.
-20.971353333,-68.7258,Cluster 1 (BLEU),139,27.6,2621.89,Trajet 139 | État: Chargé. Identifié par IA.
-20.974935,-68.736043333,Cluster 1 (BLEU),139,5.8,2597.57,Trajet 139 | État: Chargé. Identifié par IA.
-20.975061667,-68.73612,Cluster 2 (VERT),140,19.6,2596.68,Trajet 140 | État: Vide. Identifié par IA.
-20.970773333,-68.717216667,Cluster 2 (VERT),140,19.8,2590.3,Trajet 140 | État: Vide. Identifié par IA.
-20.969956667,-68.71127,Cluster 2 (VERT),140,2.2,2613.69,Trajet 140 | État: Vide. Identifié par IA.
-20.970061667,-68.711205,Cluster 1 (BLEU),141,9.8,2614.31,Trajet 141 | État: Chargé. Identifié par IA.
-20.965946667,-68.71487,Cluster 1 (BLEU),141,11.3,2618.71,Trajet 141 | État: Chargé. Identifié par IA.
-20.954606667,-68.713958333,Cluster 1 (BLEU),141,0.2,2599.71,Trajet 141 | État: Chargé. Identifié par IA.
-20.954578333,-68.713965,Cluster 1 (BLEU),142,9.3,2599.21,Trajet 142 | État: Vide. Identifié par IA.
-20.978461667,-68.685408333,Cluster 1 (BLEU),142,35.2,2593.75,Trajet 142 | État: Vide. Identifié par IA.
-20.985953333,-68.69726,Cluster 1 (BLEU),142,5.7,2622.0,Trajet 142 | État: Vide. Identifié par IA.
-20.98586,-68.697173333,Cluster 1 (BLEU),143,14.3,2622.45,Trajet 143 | État: Chargé. Identifié par IA.
-20.959908333,-68.699483333,Cluster 1 (BLEU),143,22.4,2617.91,Trajet 143 | État: Chargé. Identifié par IA.
-20.953663333,-68.716256667,Cluster 1 (BLEU),143,0.0,2610.71,Trajet 143 | État: Chargé. Identifié par IA.
-20.953663333,-68.716256667,Cluster 1 (BLEU),144,0.0,2608.6,Trajet 144 | État: Vide. Identifié par IA.
-20.969018333,-68.713211667,Cluster 1 (BLEU),144,21.3,2597.41,Trajet 144 | État: Vide. Identifié par IA.
-20.970016667,-68.71171,Cluster 1 (BLEU),144,5.6,2618.19,Trajet 144 | État: Vide. Identifié par IA.
-20.970105,-68.711726667,Cluster 0 (ROUGE),145,8.7,2619.21,Trajet 145 | État: Chargé. Identifié par IA.
-20.968523333,-68.715798333,Cluster 0 (ROUGE),145,19.6,2617.36,Trajet 145 | État: Chargé. Identifié par IA.
-20.954026667,-68.716135,Cluster 0 (ROUGE),145,0.9,2600.64,Trajet 145 | État: Chargé. Identifié par IA.
-20.953998333,-68.716058333,Cluster 0 (ROUGE),146,9.1,2599.69,Trajet 146 | État: Vide. Identifié par IA.
-20.955381667,-68.727045,Cluster 0 (ROUGE),146,3.6,2595.48,Trajet 146 | État: Vide. Identifié par IA.
-20.954525,-68.73279,Cluster 0 (ROUGE),146,0.6,2609.5,Trajet 146 | État: Vide. Identifié par IA.
-20.954525,-68.732788333,Cluster 1 (BLEU),147,0.1,2610.04,Trajet 147 | État: Chargé. Identifié par IA.
-20.96149,-68.712013333,Cluster 1 (BLEU),147,21.3,2616.69,Trajet 147 | État: Chargé. Identifié par IA.
-20.959443333,-68.708471667,Cluster 1 (BLEU),147,4.3,2592.34,Trajet 147 | État: Chargé. Identifié par IA.
-20.95935,-68.708493333,Cluster 1 (BLEU),148,8.5,2591.85,Trajet 148 | État: Vide. Identifié par IA.
-20.958453333,-68.707043333,Cluster 1 (BLEU),148,0.0,2590.58,Trajet 148 | État: Vide. Identifié par IA.
-20.98482,-68.69134,Cluster 1 (BLEU),148,46.3,2590.45,Trajet 148 | État: Vide. Identifié par IA.
-20.982151667,-68.68983,Cluster 3 (ORANGE),149,29.1,2617.21,Trajet 149 | État: Chargé. Identifié par IA.
-20.961618333,-68.70581,Cluster 3 (ORANGE),149,25.2,2620.03,Trajet 149 | État: Chargé. Identifié par IA.
-20.953323333,-68.716351667,Cluster 3 (ORANGE),149,1.3,2602.57,Trajet 149 | État: Chargé. Identifié par IA.
-20.953345,-68.716326667,Cluster 3 (ORANGE),150,8.9,2601.78,Trajet 150 | État: Vide. Identifié par IA.
-20.959348333,-68.717421667,Cluster 3 (ORANGE),150,36.9,2595.59,Trajet 150 | État: Vide. Identifié par IA.
-20.9547,-68.732975,Cluster 3 (ORANGE),150,5.0,2617.88,Trajet 150 | État: Vide. Identifié par IA.
-20.954636667,-68.732655,Cluster 3 (ORANGE),151,15.7,2618.18,Trajet 151 | État: Chargé. Identifié par IA.
-20.961653333,-68.71053,Cluster 3 (ORANGE),151,21.3,2620.36,Trajet 151 | État: Chargé. Identifié par IA.
-20.959468333,-68.70844,Cluster 3 (ORANGE),151,1.9,2592.96,Trajet 151 | État: Chargé. Identifié par IA.
-20.959376667,-68.70842,Cluster 3 (ORANGE),152,6.1,2592.22,Trajet 152 | État: Vide. Identifié par IA.
-20.970898333,-68.719385,Cluster 3 (ORANGE),152,25.2,2599.27,Trajet 152 | État: Vide. Identifié par IA.
-20.972813333,-68.71897,Cluster 3 (ORANGE),152,5.4,2593.04,Trajet 152 | État: Vide. Identifié par IA.
-20.972961667,-68.718701667,Cluster 3 (ORANGE),153,0.2,2593.76,Trajet 153 | État: Chargé. Identifié par IA.
-20.973046667,-68.73643,Cluster 3 (ORANGE),153,13.7,2616.92,Trajet 153 | État: Chargé. Identifié par IA.
-20.974518333,-68.7368,Cluster 3 (ORANGE),153,0.2,2598.16,Trajet 153 | État: Chargé. Identifié par IA.
-20.974563333,-68.736836667,Cluster 1 (BLEU),154,12.0,2596.43,Trajet 154 | État: Vide. Identifié par IA.
-20.97241,-68.734846667,Cluster 1 (BLEU),154,33.9,2593.43,Trajet 154 | État: Vide. Identifié par IA.
-20.96177,-68.702166667,Cluster 1 (BLEU),154,10.4,2623.24,Trajet 154 | État: Vide. Identifié par IA.
-20.960145,-68.701695,Cluster 3 (ORANGE),155,17.4,2622.22,Trajet 155 | État: Chargé. Identifié par IA.
-20.950095,-68.706413333,Cluster 3 (ORANGE),155,13.5,2623.17,Trajet 155 | État: Chargé. Identifié par IA.
-20.946155,-68.712943333,Cluster 3 (ORANGE),155,4.3,2613.19,Trajet 155 | État: Chargé. Identifié par IA.
-20.946143333,-68.71295,Cluster 0 (ROUGE),156,2.0,2611.22,Trajet 156 | État: Vide. Identifié par IA.
-20.94564,-68.711525,Cluster 0 (ROUGE),156,0.0,2592.66,Trajet 156 | État: Vide. Identifié par IA.
-20.972921667,-68.699686667,Cluster 0 (ROUGE),156,2.1,2612.76,Trajet 156 | État: Vide. Identifié par IA.
-20.972836667,-68.699753333,Cluster 1 (BLEU),157,7.2,2613.92,Trajet 157 | État: Chargé. Identifié par IA.
-20.965773333,-68.699725,Cluster 1 (BLEU),157,9.6,2621.12,Trajet 157 | État: Chargé. Identifié par IA.
-20.958161667,-68.708996667,Cluster 1 (BLEU),157,7.8,2608.99,Trajet 157 | État: Chargé. Identifié par IA.
-20.9581,-68.709026667,Cluster 1 (BLEU),158,0.4,2607.43,Trajet 158 | État: Vide. Identifié par IA.
-20.979096667,-68.70493,Cluster 1 (BLEU),158,34.4,2593.5,Trajet 158 | État: Vide. Identifié par IA.
-20.973061667,-68.699893333,Cluster 1 (BLEU),158,2.2,2619.77,Trajet 158 | État: Vide. Identifié par IA.
-20.973078333,-68.700013333,Cluster 1 (BLEU),159,7.6,2620.44,Trajet 159 | État: Chargé. Identifié par IA.
-20.972415,-68.695175,Cluster 1 (BLEU),159,10.9,2623.47,Trajet 159 | État: Chargé. Identifié par IA.
-20.959845,-68.708391667,Cluster 1 (BLEU),159,5.2,2595.37,Trajet 159 | État: Chargé. Identifié par IA.
-20.959946667,-68.708408333,Cluster 1 (BLEU),160,10.0,2595.13,Trajet 160 | État: Vide. Identifié par IA.
-20.97819,-68.704981667,Cluster 1 (BLEU),160,31.5,2591.2,Trajet 160 | État: Vide. Identifié par IA.
-20.973026667,-68.699793333,Cluster 1 (BLEU),160,1.3,2614.34,Trajet 160 | État: Vide. Identifié par IA.
-20.97299,-68.69987,Cluster 1 (BLEU),161,7.0,2615.51,Trajet 161 | État: Chargé. Identifié par IA.
-20.975308333,-68.69488,Cluster 1 (BLEU),161,15.7,2618.64,Trajet 161 | État: Chargé. Identifié par IA.
-20.95934,-68.70856,Cluster 1 (BLEU),161,5.4,2590.6,Trajet 161 | État: Chargé. Identifié par IA.
-20.959341667,-68.70864,Cluster 1 (BLEU),162,6.5,2590.71,Trajet 162 | État: Vide. Identifié par IA.
-20.977751667,-68.70698,Cluster 1 (BLEU),162,16.1,2590.43,Trajet 162 | État: Vide. Identifié par IA.
-20.973973333,-68.700028333,Cluster 1 (BLEU),162,5.7,2613.55,Trajet 162 | État: Vide. Identifié par IA.
-20.973945,-68.700123333,Cluster 1 (BLEU),163,8.0,2614.17,Trajet 163 | État: Chargé. Identifié par IA.
-20.968051667,-68.697625,Cluster 1 (BLEU),163,26.3,2618.46,Trajet 163 | État: Chargé. Identifié par IA.
-20.959371667,-68.708508333,Cluster 1 (BLEU),163,5.4,2590.42,Trajet 163 | État: Chargé. Identifié par IA.
-20.959376667,-68.7086,Cluster 1 (BLEU),164,8.5,2589.47,Trajet 164 | État: Vide. Identifié par IA.
-20.98379,-68.709453333,Cluster 1 (BLEU),164,28.5,2589.71,Trajet 164 | État: Vide. Identifié par IA.
-20.98127,-68.694628333,Cluster 1 (BLEU),164,4.3,2615.48,Trajet 164 | État: Vide. Identifié par IA.
-20.981253333,-68.694701667,Cluster 1 (BLEU),165,7.0,2615.97,Trajet 165 | État: Chargé. Identifié par IA.
-20.97908,-68.721666667,Cluster 1 (BLEU),165,37.6,2615.28,Trajet 165 | État: Chargé. Identifié par IA.
-20.97421,-68.737196667,Cluster 1 (BLEU),165,0.8,2595.68,Trajet 165 | État: Chargé. Identifié par IA.
-20.974228333,-68.737201667,Cluster 1 (BLEU),166,5.2,2593.74,Trajet 166 | État: Vide. Identifié par IA.
-20.976436667,-68.709111667,Cluster 1 (BLEU),166,0.0,2582.21,Trajet 166 | État: Vide. Identifié par IA.
-20.969801667,-68.711451667,Cluster 1 (BLEU),166,0.6,2595.24,Trajet 166 | État: Vide. Identifié par IA.
-20.969981667,-68.711498333,Cluster 0 (ROUGE),167,11.1,2596.05,Trajet 167 | État: Chargé. Identifié par IA.
-20.960915,-68.71631,Cluster 0 (ROUGE),167,38.3,2602.53,Trajet 167 | État: Chargé. Identifié par IA.
-20.954511667,-68.713803333,Cluster 0 (ROUGE),167,4.1,2579.26,Trajet 167 | État: Chargé. Identifié par IA.
-20.95455,-68.713906667,Cluster 2 (VERT),168,13.7,2577.72,Trajet 168 | État: Vide. Identifié par IA.
-20.964993333,-68.712011667,Cluster 2 (VERT),168,37.6,2581.28,Trajet 168 | État: Vide. Identifié par IA.
-20.973491667,-68.710855,Cluster 2 (VERT),168,0.7,2605.3,Trajet 168 | État: Vide. Identifié par IA.
-20.973266667,-68.710996667,Cluster 1 (BLEU),169,9.3,2606.6,Trajet 169 | État: Chargé. Identifié par IA.
-20.962921667,-68.712608333,Cluster 1 (BLEU),169,13.5,2608.49,Trajet 169 | État: Chargé. Identifié par IA.
-20.95464,-68.713778333,Cluster 1 (BLEU),169,5.4,2583.52,Trajet 169 | État: Chargé. Identifié par IA.
-20.954658333,-68.713933333,Cluster 2 (VERT),170,15.7,2583.21,Trajet 170 | État: Vide. Identifié par IA.
-20.971193333,-68.713015,Cluster 2 (VERT),170,5.4,2586.03,Trajet 170 | État: Vide. Identifié par IA.
-20.969796667,-68.711056667,Cluster 2 (VERT),170,5.0,2607.52,Trajet 170 | État: Vide. Identifié par IA.
-20.96988,-68.711026667,Cluster 1 (BLEU),171,9.4,2608.11,Trajet 171 | État: Chargé. Identifié par IA.
-20.968851667,-68.715856667,Cluster 1 (BLEU),171,14.6,2610.21,Trajet 171 | État: Chargé. Identifié par IA.
-20.975376667,-68.735386667,Cluster 1 (BLEU),171,0.4,2589.96,Trajet 171 | État: Chargé. Identifié par IA.
-20.975463333,-68.735458333,Cluster 1 (BLEU),172,16.1,2589.01,Trajet 172 | État: Vide. Identifié par IA.
-20.954408333,-68.728326667,Cluster 1 (BLEU),172,0.0,2583.76,Trajet 172 | État: Vide. Identifié par IA.
-20.987821667,-68.699381667,Cluster 1 (BLEU),172,4.4,2608.83,Trajet 172 | État: Vide. Identifié par IA.
-20.987788333,-68.699318333,Cluster 2 (VERT),173,7.2,2609.87,Trajet 173 | État: Chargé. Identifié par IA.
-20.985448333,-68.687803333,Cluster 2 (VERT),173,12.4,2615.41,Trajet 173 | État: Chargé. Identifié par IA.
-21.0088,-68.702235,Cluster 2 (VERT),173,0.7,2616.97,Trajet 173 | État: Chargé. Identifié par IA.
-21.00887,-68.70217,Cluster 2 (VERT),174,11.1,2594.06,Trajet 174 | État: Vide. Identifié par IA.
-20.984018333,-68.687501667,Cluster 2 (VERT),174,30.4,2584.19,Trajet 174 | État: Vide. Identifié par IA.
-20.987865,-68.699305,Cluster 2 (VERT),174,5.2,2615.98,Trajet 174 | État: Vide. Identifié par IA.
-20.987845,-68.699221667,Cluster 3 (ORANGE),175,7.0,2616.49,Trajet 175 | État: Chargé. Identifié par IA.
-20.987555,-68.699028333,Cluster 3 (ORANGE),175,2.8,2619.88,Trajet 175 | État: Chargé. Identifié par IA.
-20.987658333,-68.699353333,Cluster 3 (ORANGE),175,1.6,2585.37,Trajet 175 | État: Chargé. Identifié par IA.
-20.98763,-68.699273333,Cluster 2 (VERT),176,6.9,2584.42,Trajet 176 | État: Vide. Identifié par IA.
-20.987933333,-68.698676667,Cluster 2 (VERT),176,13.2,2587.27,Trajet 176 | État: Vide. Identifié par IA.
-20.987828333,-68.699358333,Cluster 2 (VERT),176,4.8,2615.3,Trajet 176 | État: Vide. Identifié par IA.
-20.987785,-68.699275,Cluster 2 (VERT),177,8.0,2615.48,Trajet 177 | État: Chargé. Identifié par IA.
-20.987243333,-68.68895,Cluster 2 (VERT),177,13.5,2610.71,Trajet 177 | État: Chargé. Identifié par IA.
-21.008765,-68.70197,Cluster 2 (VERT),177,16.9,2617.63,Trajet 177 | État: Chargé. Identifié par IA.
-21.00783,-68.701446667,Cluster 1 (BLEU),178,23.7,2585.83,Trajet 178 | État: Vide. Identifié par IA.
-20.96146,-68.713575,Cluster 1 (BLEU),178,24.1,2586.51,Trajet 178 | État: Vide. Identifié par IA.
-20.954908333,-68.733095,Cluster 1 (BLEU),178,2.8,2590.73,Trajet 178 | État: Vide. Identifié par IA.
-20.954906667,-68.733118333,Cluster 2 (VERT),179,0.6,2590.94,Trajet 179 | État: Chargé. Identifié par IA.
-20.955305,-68.72663,Cluster 2 (VERT),179,0.0,2583.49,Trajet 179 | État: Chargé. Identifié par IA.
-20.962291667,-68.713853333,Cluster 2 (VERT),179,0.7,2579.53,Trajet 179 | État: Chargé. Identifié par IA.
-20.96225,-68.713951667,Cluster 2 (VERT),180,10.9,2579.57,Trajet 180 | État: Vide. Identifié par IA.
-20.972711667,-68.712803333,Cluster 2 (VERT),180,0.0,2581.36,Trajet 180 | État: Vide. Identifié par IA.
-20.969565,-68.711041667,Cluster 2 (VERT),180,5.7,2607.61,Trajet 180 | État: Vide. Identifié par IA.
-20.969635,-68.711008333,Cluster 2 (VERT),181,7.4,2608.45,Trajet 181 | État: Chargé. Identifié par IA.
-20.968506667,-68.715881667,Cluster 2 (VERT),181,14.4,2608.87,Trajet 181 | État: Chargé. Identifié par IA.
-20.974543333,-68.736608333,Cluster 2 (VERT),181,0.0,2597.22,Trajet 181 | État: Chargé. Identifié par IA.
-20.974543333,-68.736608333,Cluster 2 (VERT),182,0.0,2595.03,Trajet 182 | État: Vide. Identifié par IA.
-20.983368333,-68.710718333,Cluster 2 (VERT),182,33.3,2586.55,Trajet 182 | État: Vide. Identifié par IA.
-20.981293333,-68.694278333,Cluster 2 (VERT),182,4.8,2619.16,Trajet 182 | État: Vide. Identifié par IA.
-20.981346667,-68.694351667,Cluster 1 (BLEU),183,8.3,2620.49,Trajet 183 | État: Chargé. Identifié par IA.
-20.979106667,-68.721953333,Cluster 1 (BLEU),183,39.4,2616.81,Trajet 183 | État: Chargé. Identifié par IA.
-20.974091667,-68.737346667,Cluster 1 (BLEU),183,0.4,2607.06,Trajet 183 | État: Chargé. Identifié par IA.
-20.974091667,-68.737346667,Cluster 3 (ORANGE),184,0.0,2604.45,Trajet 184 | État: Vide. Identifié par IA.
-20.984861667,-68.707555,Cluster 3 (ORANGE),184,18.0,2592.87,Trajet 184 | État: Vide. Identifié par IA.
-20.98571,-68.695725,Cluster 3 (ORANGE),184,5.6,2611.69,Trajet 184 | État: Vide. Identifié par IA.
-20.985741667,-68.695843333,Cluster 0 (ROUGE),185,11.1,2612.25,Trajet 185 | État: Chargé. Identifié par IA.
-20.981026667,-68.7297,Cluster 0 (ROUGE),185,15.7,2613.24,Trajet 185 | État: Chargé. Identifié par IA.
-20.976441667,-68.734491667,Cluster 0 (ROUGE),185,0.0,2598.27,Trajet 185 | État: Chargé. Identifié par IA.
-20.976441667,-68.734491667,Cluster 0 (ROUGE),186,0.0,2596.85,Trajet 186 | État: Vide. Identifié par IA.
-20.970713333,-68.722788333,Cluster 0 (ROUGE),186,30.6,2593.41,Trajet 186 | État: Vide. Identifié par IA.
-20.973213333,-68.71866,Cluster 0 (ROUGE),186,6.1,2595.45,Trajet 186 | État: Vide. Identifié par IA.
-20.973246667,-68.718595,Cluster 1 (BLEU),187,4.3,2596.55,Trajet 187 | État: Chargé. Identifié par IA.
-20.97247,-68.730495,Cluster 1 (BLEU),187,22.2,2612.22,Trajet 187 | État: Chargé. Identifié par IA.
-20.975731667,-68.73503,Cluster 1 (BLEU),187,2.0,2591.27,Trajet 187 | État: Chargé. Identifié par IA.
-20.975801667,-68.735155,Cluster 2 (VERT),188,11.3,2590.09,Trajet 188 | État: Vide. Identifié par IA.
-20.957733333,-68.736865,Cluster 2 (VERT),188,34.1,2585.88,Trajet 188 | État: Vide. Identifié par IA.
-20.954095,-68.73266,Cluster 2 (VERT),188,5.0,2616.33,Trajet 188 | État: Vide. Identifié par IA.
-20.954111667,-68.732566667,Cluster 1 (BLEU),189,8.5,2616.77,Trajet 189 | État: Chargé. Identifié par IA.
-20.961426667,-68.71207,Cluster 1 (BLEU),189,28.3,2614.35,Trajet 189 | État: Chargé. Identifié par IA.
-20.959085,-68.710136667,Cluster 1 (BLEU),189,0.0,2599.74,Trajet 189 | État: Chargé. Identifié par IA.
-20.959085,-68.710136667,Cluster 1 (BLEU),190,0.0,2596.88,Trajet 190 | État: Vide. Identifié par IA.
-20.953355,-68.731188333,Cluster 1 (BLEU),190,20.7,2590.81,Trajet 190 | État: Vide. Identifié par IA.
-20.9541,-68.732565,Cluster 1 (BLEU),190,5.9,2615.77,Trajet 190 | État: Vide. Identifié par IA.
-20.954148333,-68.732461667,Cluster 0 (ROUGE),191,10.0,2615.79,Trajet 191 | État: Chargé. Identifié par IA.
-20.959978333,-68.70918,Cluster 0 (ROUGE),191,0.0,2618.92,Trajet 191 | État: Chargé. Identifié par IA.
-20.9599,-68.708343333,Cluster 0 (ROUGE),191,5.0,2591.25,Trajet 191 | État: Chargé. Identifié par IA.
-20.959995,-68.708361667,Cluster 1 (BLEU),192,9.4,2590.73,Trajet 192 | État: Vide. Identifié par IA.
-20.954808333,-68.732366667,Cluster 1 (BLEU),192,0.0,2591.63,Trajet 192 | État: Vide. Identifié par IA.
-20.954041667,-68.732591667,Cluster 1 (BLEU),192,4.4,2617.85,Trajet 192 | État: Vide. Identifié par IA.
-20.954078333,-68.732521667,Cluster 0 (ROUGE),193,7.4,2618.04,Trajet 193 | État: Chargé. Identifié par IA.
-20.959291667,-68.709205,Cluster 0 (ROUGE),193,0.0,2619.83,Trajet 193 | État: Chargé. Identifié par IA.
-20.95943,-68.708491667,Cluster 0 (ROUGE),193,5.0,2583.7,Trajet 193 | État: Chargé. Identifié par IA.
-20.95943,-68.708585,Cluster 1 (BLEU),194,7.6,2584.21,Trajet 194 | État: Vide. Identifié par IA.
-20.954518333,-68.732978333,Cluster 1 (BLEU),194,13.2,2591.76,Trajet 194 | État: Vide. Identifié par IA.
-20.954051667,-68.732623333,Cluster 1 (BLEU),194,7.0,2589.17,Trajet 194 | État: Vide. Identifié par IA.
-20.954008333,-68.732675,Cluster 1 (BLEU),195,3.3,2589.41,Trajet 195 | État: Chargé. Identifié par IA.
-20.956035,-68.727441667,Cluster 1 (BLEU),195,33.9,2613.51,Trajet 195 | État: Chargé. Identifié par IA.
-20.95994,-68.70837,Cluster 1 (BLEU),195,5.7,2587.12,Trajet 195 | État: Chargé. Identifié par IA.
-20.960046667,-68.708383333,Cluster 1 (BLEU),196,10.9,2586.82,Trajet 196 | État: Vide. Identifié par IA.
-20.954556667,-68.732136667,Cluster 1 (BLEU),196,8.2,2589.01,Trajet 196 | État: Vide. Identifié par IA.
-20.954323333,-68.73285,Cluster 1 (BLEU),196,0.0,2594.95,Trajet 196 | État: Vide. Identifié par IA.
-20.954323333,-68.73285,Cluster 1 (BLEU),197,0.0,2595.01,Trajet 197 | État: Chargé. Identifié par IA.
-20.956068333,-68.723746667,Cluster 1 (BLEU),197,38.0,2613.06,Trajet 197 | État: Chargé. Identifié par IA.
-20.959858333,-68.708361667,Cluster 1 (BLEU),197,1.9,2593.81,Trajet 197 | État: Chargé. Identifié par IA.
-20.959983333,-68.708393333,Cluster 1 (BLEU),198,7.6,2593.12,Trajet 198 | État: Vide. Identifié par IA.
-20.95428,-68.732835,Cluster 1 (BLEU),198,0.0,2589.98,Trajet 198 | État: Vide. Identifié par IA.
-20.953961667,-68.732651667,Cluster 1 (BLEU),198,3.5,2609.86,Trajet 198 | État: Vide. Identifié par IA.
-20.954006667,-68.732593333,Cluster 1 (BLEU),199,7.8,2610.05,Trajet 199 | État: Chargé. Identifié par IA.
-20.959851667,-68.709161667,Cluster 1 (BLEU),199,0.0,2615.41,Trajet 199 | État: Chargé. Identifié par IA.
-20.959886667,-68.70838,Cluster 1 (BLEU),199,3.9,2583.69,Trajet 199 | État: Chargé. Identifié par IA.
-20.959965,-68.70839,Cluster 1 (BLEU),200,8.0,2584.11,Trajet 200 | État: Vide. Identifié par IA.
-20.954176667,-68.73284,Cluster 1 (BLEU),200,0.0,2591.34,Trajet 200 | État: Vide. Identifié par IA.
-20.953916667,-68.732573333,Cluster 1 (BLEU),200,4.6,2612.64,Trajet 200 | État: Vide. Identifié par IA.
-20.953968333,-68.732515,Cluster 1 (BLEU),201,7.2,2613.17,Trajet 201 | État: Chargé. Identifié par IA.
-20.960105,-68.709286667,Cluster 1 (BLEU),201,10.9,2616.38,Trajet 201 | État: Chargé. Identifié par IA.
-20.959816667,-68.708373333,Cluster 1 (BLEU),201,2.2,2603.13,Trajet 201 | État: Chargé. Identifié par IA.
-20.959816667,-68.708373333,Cluster 1 (BLEU),202,0.2,2601.48,Trajet 202 | État: Vide. Identifié par IA.
-20.970163333,-68.713276667,Cluster 1 (BLEU),202,0.0,2591.42,Trajet 202 | État: Vide. Identifié par IA.
-20.969485,-68.711003333,Cluster 1 (BLEU),202,5.2,2614.48,Trajet 202 | État: Vide. Identifié par IA.
-20.969566667,-68.710968333,Cluster 1 (BLEU),203,8.3,2615.19,Trajet 203 | État: Chargé. Identifié par IA.
-20.963415,-68.713533333,Cluster 1 (BLEU),203,12.4,2619.49,Trajet 203 | État: Chargé. Identifié par IA.
-20.953161667,-68.716585,Cluster 1 (BLEU),203,0.0,2605.69,Trajet 203 | État: Chargé. Identifié par IA.
-20.953161667,-68.716585,Cluster 2 (VERT),204,0.0,2604.1,Trajet 204 | État: Vide. Identifié par IA.
-20.955628333,-68.7169,Cluster 2 (VERT),204,27.4,2592.28,Trajet 204 | État: Vide. Identifié par IA.
-20.966973333,-68.714378333,Cluster 2 (VERT),204,13.7,2616.53,Trajet 204 | État: Vide. Identifié par IA.
-20.96714,-68.714486667,Cluster 1 (BLEU),205,16.5,2616.43,Trajet 205 | État: Chargé. Identifié par IA.
-20.95848,-68.718011667,Cluster 1 (BLEU),205,23.2,2620.46,Trajet 205 | État: Chargé. Identifié par IA.
-20.953645,-68.71641,Cluster 1 (BLEU),205,0.0,2603.25,Trajet 205 | État: Chargé. Identifié par IA.
-20.953645,-68.71641,Cluster 2 (VERT),206,0.0,2601.55,Trajet 206 | État: Vide. Identifié par IA.
-20.955806667,-68.716123333,Cluster 2 (VERT),206,33.9,2596.77,Trajet 206 | État: Vide. Identifié par IA.
-20.97176,-68.711706667,Cluster 2 (VERT),206,30.7,2594.22,Trajet 206 | État: Vide. Identifié par IA.
-20.975593333,-68.710348333,Cluster 1 (BLEU),207,21.1,2612.95,Trajet 207 | État: Chargé. Identifié par IA.
-20.959701667,-68.717241667,Cluster 1 (BLEU),207,34.6,2616.53,Trajet 207 | État: Chargé. Identifié par IA.
-20.954041667,-68.716255,Cluster 1 (BLEU),207,6.3,2595.19,Trajet 207 | État: Chargé. Identifié par IA.
-20.953935,-68.716171667,Cluster 1 (BLEU),208,12.8,2595.25,Trajet 208 | État: Vide. Identifié par IA.
-20.962726667,-68.70561,Cluster 1 (BLEU),208,47.0,2593.25,Trajet 208 | État: Vide. Identifié par IA.
-20.9692,-68.710503333,Cluster 1 (BLEU),208,5.6,2615.59,Trajet 208 | État: Vide. Identifié par IA.
-20.970621667,-68.711468333,Cluster 2 (VERT),209,13.3,2618.28,Trajet 209 | État: Chargé. Identifié par IA.
-20.962745,-68.711905,Cluster 2 (VERT),209,14.4,2617.71,Trajet 209 | État: Chargé. Identifié par IA.
-20.953066667,-68.716665,Cluster 2 (VERT),209,0.9,2597.94,Trajet 209 | État: Chargé. Identifié par IA.
-20.953048333,-68.716608333,Cluster 0 (ROUGE),210,7.6,2597.26,Trajet 210 | État: Vide. Identifié par IA.
-20.972946667,-68.695043333,Cluster 0 (ROUGE),210,35.4,2594.88,Trajet 210 | État: Vide. Identifié par IA.
-20.973188333,-68.699588333,Cluster 0 (ROUGE),210,6.3,2602.88,Trajet 210 | État: Vide. Identifié par IA.
-20.97322,-68.699566667,Cluster 3 (ORANGE),211,1.5,2604.45,Trajet 211 | État: Chargé. Identifié par IA.
-20.970701667,-68.697123333,Cluster 3 (ORANGE),211,15.0,2618.91,Trajet 211 | État: Chargé. Identifié par IA.
-20.95988,-68.708393333,Cluster 3 (ORANGE),211,5.7,2594.89,Trajet 211 | État: Chargé. Identifié par IA.
-20.960013333,-68.70842,Cluster 2 (VERT),212,13.5,2594.52,Trajet 212 | État: Vide. Identifié par IA.
-20.954181667,-68.727768333,Cluster 2 (VERT),212,0.0,2567.63,Trajet 212 | État: Vide. Identifié par IA.
-20.972555,-68.699283333,Cluster 2 (VERT),212,40.9,2575.08,Trajet 212 | État: Vide. Identifié par IA.
-20.970341667,-68.703971667,Cluster 2 (VERT),213,0.0,2598.59,Trajet 213 | État: Chargé. Identifié par IA.
-20.964628333,-68.700796667,Cluster 2 (VERT),213,15.4,2608.22,Trajet 213 | État: Chargé. Identifié par IA.
-20.959401667,-68.708478333,Cluster 2 (VERT),213,5.4,2585.92,Trajet 213 | État: Chargé. Identifié par IA.
-20.959378333,-68.70858,Cluster 1 (BLEU),214,10.0,2584.59,Trajet 214 | État: Vide. Identifié par IA.
-20.977861667,-68.703163333,Cluster 1 (BLEU),214,38.0,2579.61,Trajet 214 | État: Vide. Identifié par IA.
-20.973166667,-68.700531667,Cluster 1 (BLEU),214,15.2,2580.64,Trajet 214 | État: Vide. Identifié par IA.
-20.969811667,-68.70319,Cluster 0 (ROUGE),215,13.9,2610.25,Trajet 215 | État: Chargé. Identifié par IA.
-20.968603333,-68.697136667,Cluster 0 (ROUGE),215,19.4,2614.43,Trajet 215 | État: Chargé. Identifié par IA.
-20.959813333,-68.708366667,Cluster 0 (ROUGE),215,0.2,2603.37,Trajet 215 | État: Chargé. Identifié par IA.
-20.959813333,-68.708366667,Cluster 1 (BLEU),216,0.0,2601.06,Trajet 216 | État: Vide. Identifié par IA.
-20.977791667,-68.702828333,Cluster 1 (BLEU),216,34.4,2583.09,Trajet 216 | État: Vide. Identifié par IA.
-20.97344,-68.69964,Cluster 1 (BLEU),216,5.9,2613.82,Trajet 216 | État: Vide. Identifié par IA.
-20.973341667,-68.699725,Cluster 1 (BLEU),217,12.2,2615.38,Trajet 217 | État: Chargé. Identifié par IA.
-20.968258333,-68.697486667,Cluster 1 (BLEU),217,0.0,2611.6,Trajet 217 | État: Chargé. Identifié par IA.
-20.959451667,-68.708463333,Cluster 1 (BLEU),217,1.7,2577.35,Trajet 217 | État: Chargé. Identifié par IA.
-20.959396667,-68.708523333,Cluster 1 (BLEU),218,8.3,2575.72,Trajet 218 | État: Vide. Identifié par IA.
-20.979038333,-68.700643333,Cluster 1 (BLEU),218,30.7,2580.98,Trajet 218 | État: Vide. Identifié par IA.
-20.973486667,-68.695121667,Cluster 1 (BLEU),218,13.7,2613.62,Trajet 218 | État: Vide. Identifié par IA.
-20.972948333,-68.695173333,Cluster 1 (BLEU),219,14.1,2612.93,Trajet 219 | État: Chargé. Identifié par IA.
-20.960835,-68.70977,Cluster 1 (BLEU),219,17.0,2617.98,Trajet 219 | État: Chargé. Identifié par IA.
-20.959903333,-68.708401667,Cluster 1 (BLEU),219,6.1,2590.23,Trajet 219 | État: Chargé. Identifié par IA.
-20.96001,-68.708431667,Cluster 1 (BLEU),220,13.0,2589.21,Trajet 220 | État: Vide. Identifié par IA.
-20.97822,-68.707013333,Cluster 1 (BLEU),220,26.7,2584.85,Trajet 220 | État: Vide. Identifié par IA.
-20.970253333,-68.704013333,Cluster 1 (BLEU),220,0.2,2609.57,Trajet 220 | État: Vide. Identifié par IA.
-20.970346667,-68.703933333,Cluster 1 (BLEU),221,10.0,2610.03,Trajet 221 | État: Chargé. Identifié par IA.
-20.963203333,-68.704816667,Cluster 1 (BLEU),221,12.4,2612.12,Trajet 221 | État: Chargé. Identifié par IA.
-20.95989,-68.708398333,Cluster 1 (BLEU),221,4.4,2584.61,Trajet 221 | État: Chargé. Identifié par IA.
-20.959971667,-68.708415,Cluster 1 (BLEU),222,8.0,2583.65,Trajet 222 | État: Vide. Identifié par IA.
-20.977078333,-68.72373,Cluster 1 (BLEU),222,0.0,2583.27,Trajet 222 | État: Vide. Identifié par IA.
-20.973393333,-68.718996667,Cluster 1 (BLEU),222,1.1,2577.26,Trajet 222 | État: Vide. Identifié par IA.
-20.973495,-68.719005,Cluster 1 (BLEU),223,10.4,2577.25,Trajet 223 | État: Chargé. Identifié par IA.
-20.973073333,-68.719181667,Cluster 1 (BLEU),223,8.7,2599.69,Trajet 223 | État: Chargé. Identifié par IA.
-20.972036667,-68.719465,Cluster 1 (BLEU),223,0.0,2579.48,Trajet 223 | État: Chargé. Identifié par IA.
-20.972036667,-68.719465,Cluster 1 (BLEU),224,0.0,2579.52,Trajet 224 | État: Vide. Identifié par IA.
-20.973268333,-68.71853,Cluster 1 (BLEU),224,0.0,2577.17,Trajet 224 | État: Vide. Identifié par IA.
-20.973623333,-68.718651667,Cluster 1 (BLEU),224,2.8,2597.96,Trajet 224 | État: Vide. Identifié par IA.
-20.973551667,-68.718663333,Cluster 1 (BLEU),225,8.2,2598.28,Trajet 225 | État: Chargé. Identifié par IA.
-20.974821667,-68.719245,Cluster 1 (BLEU),225,18.5,2597.58,Trajet 225 | État: Chargé. Identifié par IA.
-20.9734,-68.72096,Cluster 1 (BLEU),225,2.6,2578.53,Trajet 225 | État: Chargé. Identifié par IA.
-20.973466667,-68.720918333,Cluster 1 (BLEU),226,8.5,2578.7,Trajet 226 | État: Vide. Identifié par IA.
-20.97311,-68.718603333,Cluster 1 (BLEU),226,0.0,2578.58,Trajet 226 | État: Vide. Identifié par IA.
-20.973581667,-68.718673333,Cluster 1 (BLEU),226,2.2,2595.17,Trajet 226 | État: Vide. Identifié par IA.
-20.973426667,-68.71872,Cluster 1 (BLEU),227,10.0,2596.08,Trajet 227 | État: Chargé. Identifié par IA.
-20.97461,-68.720063333,Cluster 1 (BLEU),227,14.3,2594.61,Trajet 227 | État: Chargé. Identifié par IA.
-20.973318333,-68.721065,Cluster 1 (BLEU),227,0.6,2576.92,Trajet 227 | État: Chargé. Identifié par IA.
-20.973406667,-68.721008333,Cluster 2 (VERT),228,8.0,2577.27,Trajet 228 | État: Vide. Identifié par IA.
-20.973591667,-68.718673333,Cluster 2 (VERT),228,0.0,2579.73,Trajet 228 | État: Vide. Identifié par IA.
-20.973671667,-68.718645,Cluster 2 (VERT),228,0.9,2598.92,Trajet 228 | État: Vide. Identifié par IA.
-20.973121667,-68.718806667,Cluster 1 (BLEU),229,10.7,2605.18,Trajet 229 | État: Chargé. Identifié par IA.
-20.973448333,-68.720936667,Cluster 1 (BLEU),229,13.0,2594.51,Trajet 229 | État: Chargé. Identifié par IA.
-20.973335,-68.721098333,Cluster 1 (BLEU),229,2.0,2578.54,Trajet 229 | État: Chargé. Identifié par IA.
-20.973395,-68.720975,Cluster 1 (BLEU),230,9.3,2578.66,Trajet 230 | État: Vide. Identifié par IA.
-20.961995,-68.71423,Cluster 1 (BLEU),230,29.4,2575.57,Trajet 230 | État: Vide. Identifié par IA.
-20.970833333,-68.703611667,Cluster 1 (BLEU),230,0.8,2587.85,Trajet 230 | État: Vide. Identifié par IA.
-20.969756667,-68.700206667,Cluster 1 (BLEU),231,12.8,2607.86,Trajet 231 | État: Chargé. Identifié par IA.
-20.96291,-68.706045,Cluster 1 (BLEU),231,30.0,2620.67,Trajet 231 | État: Chargé. Identifié par IA.
-20.95943,-68.70848,Cluster 1 (BLEU),231,4.6,2587.94,Trajet 231 | État: Chargé. Identifié par IA.
-20.959188333,-68.708518333,Cluster 0 (ROUGE),232,13.5,2586.13,Trajet 232 | État: Vide. Identifié par IA.
-20.958446667,-68.707085,Cluster 0 (ROUGE),232,0.0,2584.3,Trajet 232 | État: Vide. Identifié par IA.
-20.967281667,-68.702025,Cluster 0 (ROUGE),232,15.0,2613.14,Trajet 232 | État: Vide. Identifié par IA.
-20.967295,-68.70179,Cluster 1 (BLEU),233,19.3,2613.43,Trajet 233 | État: Chargé. Identifié par IA.
-20.963935,-68.702505,Cluster 1 (BLEU),233,15.2,2619.3,Trajet 233 | État: Chargé. Identifié par IA.
-20.959405,-68.7085,Cluster 1 (BLEU),233,5.2,2589.62,Trajet 233 | État: Chargé. Identifié par IA.
-20.959396667,-68.708606667,Cluster 2 (VERT),234,9.8,2589.71,Trajet 234 | État: Vide. Identifié par IA.
-20.979148333,-68.703376667,Cluster 2 (VERT),234,20.2,2589.54,Trajet 234 | État: Vide. Identifié par IA.
-20.970485,-68.70417,Cluster 2 (VERT),234,6.7,2588.29,Trajet 234 | État: Vide. Identifié par IA.
-20.971426667,-68.70216,Cluster 3 (ORANGE),235,11.1,2615.19,Trajet 235 | État: Chargé. Identifié par IA.
-20.973705,-68.695168333,Cluster 3 (ORANGE),235,12.8,2614.3,Trajet 235 | État: Chargé. Identifié par IA.
-20.958236667,-68.708826667,Cluster 3 (ORANGE),235,6.1,2597.51,Trajet 235 | État: Chargé. Identifié par IA.
-20.95834,-68.708878333,Cluster 3 (ORANGE),236,11.1,2596.51,Trajet 236 | État: Vide. Identifié par IA.
-20.953875,-68.713768333,Cluster 3 (ORANGE),236,0.0,2586.68,Trajet 236 | État: Vide. Identifié par IA.
-20.973486667,-68.699473333,Cluster 3 (ORANGE),236,5.7,2595.38,Trajet 236 | État: Vide. Identifié par IA.
-20.973498333,-68.699433333,Cluster 2 (VERT),237,0.5,2598.83,Trajet 237 | État: Chargé. Identifié par IA.
-20.970521667,-68.69569,Cluster 2 (VERT),237,17.6,2617.23,Trajet 237 | État: Chargé. Identifié par IA.
-20.959313333,-68.709951667,Cluster 2 (VERT),237,0.0,2608.15,Trajet 237 | État: Chargé. Identifié par IA.
-20.959313333,-68.709951667,Cluster 2 (VERT),238,0.0,2605.67,Trajet 238 | État: Vide. Identifié par IA.
-20.97361,-68.694955,Cluster 2 (VERT),238,23.2,2593.38,Trajet 238 | État: Vide. Identifié par IA.
-20.97392,-68.699698333,Cluster 2 (VERT),238,1.1,2609.76,Trajet 238 | État: Vide. Identifié par IA.
-20.97078,-68.699278333,Cluster 2 (VERT),239,11.7,2616.0,Trajet 239 | État: Chargé. Identifié par IA.
-20.959158333,-68.709145,Cluster 2 (VERT),239,0.0,2618.06,Trajet 239 | État: Chargé. Identifié par IA.
-20.959375,-68.708505,Cluster 2 (VERT),239,5.7,2585.94,Trajet 239 | État: Chargé. Identifié par IA.
-20.959365,-68.708601667,Cluster 1 (BLEU),240,9.3,2586.09,Trajet 240 | État: Vide. Identifié par IA.
-20.979156667,-68.702691667,Cluster 1 (BLEU),240,18.9,2588.47,Trajet 240 | État: Vide. Identifié par IA.
-20.973951667,-68.699721667,Cluster 1 (BLEU),240,2.0,2610.12,Trajet 240 | État: Vide. Identifié par IA.
-20.973801667,-68.69995,Cluster 2 (VERT),241,14.3,2610.91,Trajet 241 | État: Chargé. Identifié par IA.
-20.967716667,-68.697896667,Cluster 2 (VERT),241,38.7,2616.51,Trajet 241 | État: Chargé. Identifié par IA.
-20.959848333,-68.708358333,Cluster 2 (VERT),241,1.7,2586.97,Trajet 241 | État: Chargé. Identifié par IA.
-20.959913333,-68.708355,Cluster 1 (BLEU),242,6.7,2586.81,Trajet 242 | État: Vide. Identifié par IA.
-20.974751667,-68.69476,Cluster 1 (BLEU),242,30.7,2586.61,Trajet 242 | État: Vide. Identifié par IA.
-20.970641667,-68.703833333,Cluster 1 (BLEU),242,1.3,2590.35,Trajet 242 | État: Vide. Identifié par IA.
-20.971315,-68.702273333,Cluster 0 (ROUGE),243,14.4,2611.68,Trajet 243 | État: Chargé. Identifié par IA.
-20.971051667,-68.695616667,Cluster 0 (ROUGE),243,13.3,2607.14,Trajet 243 | État: Chargé. Identifié par IA.
-20.959828333,-68.708355,Cluster 0 (ROUGE),243,1.5,2591.89,Trajet 243 | État: Chargé. Identifié par IA.
-20.959898333,-68.708375,Cluster 1 (BLEU),244,6.9,2591.33,Trajet 244 | État: Vide. Identifié par IA.
-20.979141667,-68.703673333,Cluster 1 (BLEU),244,36.1,2583.86,Trajet 244 | État: Vide. Identifié par IA.
-20.970133333,-68.704018333,Cluster 1 (BLEU),244,2.0,2609.2,Trajet 244 | État: Vide. Identifié par IA.
-20.970188333,-68.70393,Cluster 1 (BLEU),245,8.2,2610.85,Trajet 245 | État: Chargé. Identifié par IA.
-20.971748333,-68.695431667,Cluster 1 (BLEU),245,14.8,2615.59,Trajet 245 | État: Chargé. Identifié par IA.
-20.959836667,-68.708361667,Cluster 1 (BLEU),245,4.1,2587.37,Trajet 245 | État: Chargé. Identifié par IA.
-20.959938333,-68.708385,Cluster 2 (VERT),246,10.6,2587.29,Trajet 246 | État: Vide. Identifié par IA.
-20.977551667,-68.723031667,Cluster 2 (VERT),246,0.0,2579.13,Trajet 246 | État: Vide. Identifié par IA.
-20.973828333,-68.699603333,Cluster 2 (VERT),246,2.2,2605.44,Trajet 246 | État: Vide. Identifié par IA.
-20.973801667,-68.699706667,Cluster 2 (VERT),247,8.3,2606.1,Trajet 247 | État: Chargé. Identifié par IA.
-20.973376667,-68.695768333,Cluster 2 (VERT),247,13.2,2611.15,Trajet 247 | État: Chargé. Identifié par IA.
-20.959863333,-68.708351667,Cluster 2 (VERT),247,4.8,2591.07,Trajet 247 | État: Chargé. Identifié par IA.
-20.959978333,-68.708378333,Cluster 2 (VERT),248,14.3,2590.64,Trajet 248 | État: Vide. Identifié par IA.
-20.963475,-68.703003333,Cluster 2 (VERT),248,37.2,2590.98,Trajet 248 | État: Vide. Identifié par IA.
-20.978998333,-68.700535,Cluster 2 (VERT),248,41.1,2584.17,Trajet 248 | État: Vide. Identifié par IA.
-20.971385,-68.700413333,Cluster 1 (BLEU),249,43.9,2583.54,Trajet 249 | État: Chargé. Identifié par IA.
-20.966468333,-68.699076667,Cluster 1 (BLEU),249,21.5,2616.53,Trajet 249 | État: Chargé. Identifié par IA.
-20.959441667,-68.708468333,Cluster 1 (BLEU),249,5.0,2592.53,Trajet 249 | État: Chargé. Identifié par IA.
-20.95939,-68.708545,Cluster 2 (VERT),250,8.3,2592.4,Trajet 250 | État: Vide. Identifié par IA.
-20.970888333,-68.695425,Cluster 2 (VERT),250,25.0,2589.92,Trajet 250 | État: Vide. Identifié par IA.
-20.968918333,-68.70381,Cluster 2 (VERT),250,34.6,2594.07,Trajet 250 | État: Vide. Identifié par IA.
-20.968313333,-68.700505,Cluster 1 (BLEU),251,14.8,2614.6,Trajet 251 | État: Chargé. Identifié par IA.
-20.962778333,-68.709943333,Cluster 1 (BLEU),251,11.1,2615.27,Trajet 251 | État: Chargé. Identifié par IA.
-20.9594,-68.708476667,Cluster 1 (BLEU),251,2.3,2595.59,Trajet 251 | État: Chargé. Identifié par IA.
-20.959358333,-68.70859,Cluster 2 (VERT),252,14.4,2593.03,Trajet 252 | État: Vide. Identifié par IA.
-20.964428333,-68.700593333,Cluster 2 (VERT),252,33.3,2585.93,Trajet 252 | État: Vide. Identifié par IA.
-20.970388333,-68.70433,Cluster 2 (VERT),252,5.7,2590.48,Trajet 252 | État: Vide. Identifié par IA.
-20.971505,-68.702048333,Cluster 1 (BLEU),253,8.9,2610.35,Trajet 253 | État: Chargé. Identifié par IA.
-20.969985,-68.695718333,Cluster 1 (BLEU),253,15.2,2612.56,Trajet 253 | État: Chargé. Identifié par IA.
-20.959821667,-68.709486667,Cluster 1 (BLEU),253,0.4,2511.0,Trajet 253 | État: Chargé. Identifié par IA.
-20.959823333,-68.709486667,Cluster 2 (VERT),254,0.1,2510.3,Trajet 254 | État: Vide. Identifié par IA.
-20.957505,-68.703978333,Cluster 2 (VERT),254,0.0,2319.69,Trajet 254 | État: Vide. Identifié par IA.
-20.968778333,-68.710566667,Cluster 2 (VERT),254,2.4,2633.2,Trajet 254 | État: Vide. Identifié par IA.
-20.968895,-68.71053,Cluster 2 (VERT),255,8.7,2635.5,Trajet 255 | État: Chargé. Identifié par IA.
-20.965988333,-68.714955,Cluster 2 (VERT),255,11.5,2641.2,Trajet 255 | État: Chargé. Identifié par IA.
-20.953568333,-68.716666667,Cluster 2 (VERT),255,0.0,2629.17,Trajet 255 | État: Chargé. Identifié par IA.
-20.953568333,-68.716666667,Cluster 1 (BLEU),256,0.0,2627.67,Trajet 256 | État: Vide. Identifié par IA.
-20.96871,-68.725416667,Cluster 1 (BLEU),256,37.4,2613.07,Trajet 256 | État: Vide. Identifié par IA.
-20.981256667,-68.70501,Cluster 1 (BLEU),256,6.8,2626.39,Trajet 256 | État: Vide. Identifié par IA.
-20.980485,-68.698535,Cluster 1 (BLEU),257,27.0,2641.13,Trajet 257 | État: Chargé. Identifié par IA.
-20.971081667,-68.723805,Cluster 1 (BLEU),257,16.1,2644.96,Trajet 257 | État: Chargé. Identifié par IA.
-20.961276667,-68.727596667,Cluster 1 (BLEU),257,0.0,2628.38,Trajet 257 | État: Chargé. Identifié par IA.
-20.961276667,-68.727596667,Cluster 1 (BLEU),258,0.0,2626.19,Trajet 258 | État: Vide. Identifié par IA.
-20.976555,-68.723703333,Cluster 1 (BLEU),258,0.0,2612.76,Trajet 258 | État: Vide. Identifié par IA.
-20.973846667,-68.718511667,Cluster 1 (BLEU),258,2.6,2612.57,Trajet 258 | État: Vide. Identifié par IA.
-20.973846667,-68.718511667,Cluster 2 (VERT),259,0.0,2613.11,Trajet 259 | État: Chargé. Identifié par IA.
-20.971916667,-68.729108333,Cluster 2 (VERT),259,13.9,2633.03,Trajet 259 | État: Chargé. Identifié par IA.
-20.974558333,-68.73607,Cluster 2 (VERT),259,1.3,2610.14,Trajet 259 | État: Chargé. Identifié par IA.
-20.974686667,-68.736131667,Cluster 1 (BLEU),260,10.4,2609.69,Trajet 260 | État: Vide. Identifié par IA.
-20.961698333,-68.702623333,Cluster 1 (BLEU),260,30.0,2613.25,Trajet 260 | État: Vide. Identifié par IA.
-20.987851667,-68.699975,Cluster 1 (BLEU),260,1.9,2639.12,Trajet 260 | État: Vide. Identifié par IA.
